-- ============================
-- Script de Inserção de Dados
-- ============================
-- Execute este script APÓS executar 01-create-tables.sql

-- Inserir tipos de combustível
INSERT INTO fuel_type (fuel_type, description) VALUES
('G', 'Gasolina'),
('A', 'Álcool'),
('F', 'Flex'),
('D', 'Diesel');

-- Inserir marcas
INSERT INTO brand (name) VALUES
('Chevrolet'),
('Volkswagen'),
('Peugeot'),
('Fiat'),
('Ford'),
('Renault'),
('Citroën');

-- Inserir modelos
INSERT INTO model (brand_id, name) VALUES
(1, 'Classic'), (1, 'Corsa'), (1, 'Astra'),
(2, 'Fox'), (2, 'Gol'), (2, 'Parati'),
(3, '206'), (3, '207'),
(4, 'Palio'), (4, 'Uno'), (4, 'Siena'),
(5, 'Ka'), (5, 'Fiesta'), (5, 'Escort'),
(6, 'Clio'), (6, 'Symbol'),
(7, 'C3'), (7, 'Xsara');

-- Inserir itens
INSERT INTO items (item_name) VALUES
('Ar-condicionado'),
('Direção hidráulica'),
('Vidros elétricos'),
('Trava elétrica'),
('Airbag'),
('ABS'),
('Som USB'),
('Rodas de liga leve'),
('Teto solar'),
('Sensor de estacionamento'),
('Bancos de couro'),
('Computador de bordo'),
('Alarme');

-- Inserir veículos
INSERT INTO vehicles (brand_id, model_id, year_manufacture, fuel_type, simple_description, mileage, ad_price, fipe_price) VALUES 
(1, 1, 2011, 'G', 'Classic Gasolina 2011', 222388, 9387, 8790),
(2, 4, 2003, 'G', 'Fox Gasolina 2003', 231582, 5661, 4774),
(3, 8, 1998, 'A', '207 Álcool 1998', 248144, 18273, 16429),
(3, 7, 2007, 'G', '206 Gasolina 2007', 125289, 16954, 15453),
(4, 9, 2007, 'G', 'Palio Gasolina 2007', 176510, 10651, 9238),
(4, 10, 2001, 'A', 'Uno Álcool 2001', 180655, 11232, 10572),
(6, 16, 1998, 'G', 'Symbol Gasolina 1998', 221840, 16506, 14810),
(1, 3, 2008, 'G', 'Astra Gasolina 2008', 194885, 5720, 4108),
(2, 5, 2012, 'A', 'Gol Álcool 2012', 147793, 16425, 14754),
(6, 16, 2000, 'F', 'Symbol Flex 2000', 90179, 7142, 4979),
(7, 18, 2004, 'G', 'Xsara Gasolina 2004', 223341, 8431, 6357),
(2, 6, 2000, 'G', 'Parati Gasolina 2000', 90955, 17001, 15499),
(1, 3, 2005, 'F', 'Astra Flex 2005', 125422, 10992, 9466),
(5, 12, 2010, 'G', 'Ka Gasolina 2010', 141514, 5725, 4786),
(1, 1, 2003, 'G', 'Classic Gasolina 2003', 188691, 18405, 16164),
(5, 12, 2012, 'A', 'Ka Álcool 2012', 145993, 15918, 14746),
(4, 10, 2004, 'A', 'Uno Álcool 2004', 147116, 19855, 17915),
(6, 16, 2012, 'G', 'Symbol Gasolina 2012', 110499, 12755, 10687),
(5, 14, 2008, 'F', 'Escort Flex 2008', 204213, 17361, 15099),
(4, 10, 1999, 'F', 'Uno Flex 1999', 217914, 14849, 12438),
(1, 1, 2011, 'A', 'Classic Álcool 2011', 149150, 18343, 15860),
(3, 7, 2009, 'F', '206 Flex 2009', 226156, 9348, 7050),
(4, 11, 2001, 'G', 'Siena Gasolina 2001', 93054, 17481, 15067),
(3, 7, 2009, 'A', '206 Álcool 2009', 174593, 5381, 3256),
(1, 1, 2011, 'F', 'Classic Flex 2011', 131449, 16573, 15398),
(5, 12, 2000, 'A', 'Ka Álcool 2000', 218472, 11850, 9485),
(1, 2, 1996, 'A', 'Corsa Álcool 1996', 238335, 10504, 8459),
(2, 6, 2011, 'A', 'Parati Álcool 2011', 89524, 6552, 4972),
(6, 16, 2009, 'A', 'Symbol Álcool 2009', 183707, 11606, 10976),
(6, 15, 2010, 'F', 'Clio Flex 2010', 142344, 9133, 6816),
(5, 12, 2006, 'F', 'Ka Flex 2006', 192142, 17839, 17247),
(5, 13, 1997, 'G', 'Fiesta Gasolina 1997', 91645, 7047, 4961),
(2, 6, 1996, 'G', 'Parati Gasolina 1996', 147628, 11874, 11364),
(5, 13, 2008, 'F', 'Fiesta Flex 2008', 109051, 16209, 15290),
(6, 15, 1996, 'F', 'Clio Flex 1996', 244274, 6786, 5058),
(2, 5, 2009, 'A', 'Gol Álcool 2009', 250368, 10359, 8034),
(3, 7, 2000, 'F', '206 Flex 2000', 114109, 10842, 9887),
(2, 5, 1998, 'G', 'Gol Gasolina 1998', 186889, 5734, 3644),
(7, 17, 2010, 'F', 'C3 Flex 2010', 226828, 7267, 4954),
(1, 3, 2010, 'F', 'Astra Flex 2010', 175511, 8278, 6299),
(1, 1, 1998, 'F', 'Classic Flex 1998', 126803, 9177, 7899),
(6, 16, 2004, 'G', 'Symbol Gasolina 2004', 134924, 15764, 13599),
(5, 13, 2011, 'A', 'Fiesta Álcool 2011', 166214, 12763, 10660),
(2, 4, 2001, 'G', 'Fox Gasolina 2001', 83508, 12774, 11115),
(2, 6, 2005, 'G', 'Parati Gasolina 2005', 241694, 13112, 11960),
(5, 12, 2006, 'F', 'Ka Flex 2006', 195947, 13128, 11821),
(7, 18, 2007, 'F', 'Xsara Flex 2007', 259160, 18237, 17007),
(4, 10, 2003, 'G', 'Uno Gasolina 2003', 121419, 8050, 6709),
(6, 15, 2006, 'A', 'Clio Álcool 2006', 162109, 13738, 11578),
(4, 9, 2003, 'A', 'Palio Álcool 2003', 142143, 16902, 15218),
(7, 17, 1995, 'G', 'C3 Gasolina 1995', 186151, 19327, 17536),
(6, 16, 2005, 'A', 'Symbol Álcool 2005', 96343, 5614, 4921),
(4, 11, 1999, 'F', 'Siena Flex 1999', 95804, 6199, 3956),
(4, 10, 2006, 'F', 'Uno Flex 2006', 188343, 16712, 14708),
(4, 9, 1997, 'F', 'Palio Flex 1997', 153572, 13966, 13100),
(7, 17, 2006, 'A', 'C3 Álcool 2006', 150086, 19411, 17491),
(6, 16, 1997, 'A', 'Symbol Álcool 1997', 241954, 13681, 11893),
(2, 5, 2002, 'G', 'Gol Gasolina 2002', 105134, 13025, 10861),
(5, 14, 2010, 'A', 'Escort Álcool 2010', 141452, 9164, 8299),
(1, 3, 2007, 'A', 'Astra Álcool 2007', 89454, 8710, 8148),
(1, 1, 2011, 'G', 'Classic Gasolina 2011', 156837, 15790, 13443),
(3, 7, 2009, 'A', '206 Álcool 2009', 83163, 14944, 14334),
(5, 12, 2005, 'F', 'Ka Flex 2005', 145405, 14939, 12513),
(6, 15, 2010, 'F', 'Clio Flex 2010', 107887, 16855, 15531),
(5, 12, 2009, 'F', 'Ka Flex 2009', 120921, 13874, 11502),
(2, 4, 2008, 'G', 'Fox Gasolina 2008', 250494, 10724, 10108),
(4, 9, 1999, 'F', 'Palio Flex 1999', 113640, 12906, 12174),
(3, 7, 2005, 'A', '206 Álcool 2005', 252836, 7878, 5691),
(1, 3, 1999, 'G', 'Astra Gasolina 1999', 143832, 18569, 17569),
(3, 8, 2002, 'A', '207 Álcool 2002', 160140, 5961, 5064),
(4, 9, 2007, 'F', 'Palio Flex 2007', 252404, 19865, 18850),
(3, 7, 1999, 'F', '206 Flex 1999', 250870, 10969, 8821),
(3, 8, 1996, 'A', '207 Álcool 1996', 173409, 13788, 12729),
(4, 10, 1998, 'G', 'Uno Gasolina 1998', 217042, 13792, 12530),
(3, 8, 2008, 'G', '207 Gasolina 2008', 155776, 18305, 17600),
(1, 2, 2011, 'A', 'Corsa Álcool 2011', 125335, 11470, 10176),
(1, 2, 2007, 'G', 'Corsa Gasolina 2007', 123245, 17592, 15326),
(5, 13, 2000, 'G', 'Fiesta Gasolina 2000', 181132, 18946, 17402),
(2, 5, 2010, 'F', 'Gol Flex 2010', 258239, 17489, 15665),
(4, 10, 2006, 'F', 'Uno Flex 2006', 254645, 12526, 11645),
(5, 12, 2005, 'G', 'Ka Gasolina 2005', 167170, 9190, 7959),
(5, 12, 1996, 'F', 'Ka Flex 1996', 112391, 9199, 8657),
(6, 15, 2001, 'A', 'Clio Álcool 2001', 172168, 16867, 15660),
(2, 6, 2011, 'A', 'Parati Álcool 2011', 126386, 5580, 4424),
(1, 3, 2002, 'A', 'Astra Álcool 2002', 156727, 9158, 7020),
(1, 3, 2010, 'F', 'Astra Flex 2010', 172569, 9512, 8833),
(3, 8, 1999, 'G', '207 Gasolina 1999', 129564, 14527, 13049),
(5, 12, 2010, 'G', 'Ka Gasolina 2010', 171118, 17413, 15702),
(7, 17, 2005, 'F', 'C3 Flex 2005', 156348, 12494, 10173),
(5, 12, 1996, 'A', 'Ka Álcool 1996', 90931, 7607, 5259),
(1, 3, 2010, 'G', 'Astra Gasolina 2010', 166311, 5982, 3491),
(2, 6, 1999, 'A', 'Parati Álcool 1999', 111006, 5744, 3465),
(7, 18, 1995, 'F', 'Xsara Flex 1995', 229442, 8165, 6932),
(1, 1, 1996, 'F', 'Classic Flex 1996', 155688, 7406, 5545),
(4, 9, 2004, 'G', 'Palio Gasolina 2004', 216635, 18551, 16118),
(4, 10, 2009, 'G', 'Uno Gasolina 2009', 245539, 9767, 7504),
(1, 3, 2000, 'A', 'Astra Álcool 2000', 179277, 16695, 15840),
(1, 2, 2002, 'G', 'Corsa Gasolina 2002', 104625, 10476, 9115),
(2, 4, 2004, 'F', 'Fox Flex 2004', 184325, 9000, 8106),
(4, 11, 1998, 'A', 'Siena Álcool 1998', 197737, 15186, 14336);

-- Inserir fotos dos veículos (fotos reais de carros do Unsplash)
-- Nota: Estas são fotos reais de carros do Unsplash. Para fotos específicas de cada modelo,
-- recomenda-se fazer upload de fotos reais dos veículos ou usar uma API de imagens de carros.
INSERT INTO vehicle_photos (vehicle_id, photo_url) VALUES 
(1, 'https://images.unsplash.com/photo-1552519507-da3b142c6e3d?w=800&h=600&fit=crop&auto=format'),
(2, 'https://images.unsplash.com/photo-1549317661-bd32c8ce0db2?w=800&h=600&fit=crop&auto=format'),
(3, 'https://images.unsplash.com/photo-1583121274602-3e2820c69888?w=800&h=600&fit=crop&auto=format'),
(4, 'https://images.unsplash.com/photo-1605559424843-9e4c228bf1c2?w=800&h=600&fit=crop&auto=format'),
(5, 'https://images.unsplash.com/photo-1609521263047-f8f205293f24?w=800&h=600&fit=crop&auto=format'),
(6, 'https://images.unsplash.com/photo-1550355291-bbee04a92027?w=800&h=600&fit=crop&auto=format'),
(7, 'https://images.unsplash.com/photo-1502877338535-766e1452684a?w=800&h=600&fit=crop&auto=format'),
(8, 'https://images.unsplash.com/photo-1552519507-da3b142c6e3d?w=800&h=600&fit=crop&auto=format'),
(9, 'https://images.unsplash.com/photo-1549317661-bd32c8ce0db2?w=800&h=600&fit=crop&auto=format'),
(10, 'https://images.unsplash.com/photo-1583121274602-3e2820c69888?w=800&h=600&fit=crop&auto=format'),
(11, 'https://images.unsplash.com/photo-1605559424843-9e4c228bf1c2?w=800&h=600&fit=crop&auto=format'),
(12, 'https://images.unsplash.com/photo-1609521263047-f8f205293f24?w=800&h=600&fit=crop&auto=format'),
(13, 'https://images.unsplash.com/photo-1550355291-bbee04a92027?w=800&h=600&fit=crop&auto=format'),
(14, 'https://images.unsplash.com/photo-1502877338535-766e1452684a?w=800&h=600&fit=crop&auto=format'),
(15, 'https://images.unsplash.com/photo-1552519507-da3b142c6e3d?w=800&h=600&fit=crop&auto=format'),
(16, 'https://images.unsplash.com/photo-1549317661-bd32c8ce0db2?w=800&h=600&fit=crop&auto=format'),
(17, 'https://images.unsplash.com/photo-1583121274602-3e2820c69888?w=800&h=600&fit=crop&auto=format'),
(18, 'https://images.unsplash.com/photo-1605559424843-9e4c228bf1c2?w=800&h=600&fit=crop&auto=format'),
(19, 'https://images.unsplash.com/photo-1609521263047-f8f205293f24?w=800&h=600&fit=crop&auto=format'),
(20, 'https://images.unsplash.com/photo-1550355291-bbee04a92027?w=800&h=600&fit=crop&auto=format'),
(21, 'https://images.unsplash.com/photo-1502877338535-766e1452684a?w=800&h=600&fit=crop&auto=format'),
(22, 'https://images.unsplash.com/photo-1552519507-da3b142c6e3d?w=800&h=600&fit=crop&auto=format'),
(23, 'https://images.unsplash.com/photo-1549317661-bd32c8ce0db2?w=800&h=600&fit=crop&auto=format'),
(24, 'https://images.unsplash.com/photo-1583121274602-3e2820c69888?w=800&h=600&fit=crop&auto=format'),
(25, 'https://images.unsplash.com/photo-1605559424843-9e4c228bf1c2?w=800&h=600&fit=crop&auto=format'),
(26, 'https://images.unsplash.com/photo-1609521263047-f8f205293f24?w=800&h=600&fit=crop&auto=format'),
(27, 'https://images.unsplash.com/photo-1550355291-bbee04a92027?w=800&h=600&fit=crop&auto=format'),
(28, 'https://images.unsplash.com/photo-1502877338535-766e1452684a?w=800&h=600&fit=crop&auto=format'),
(29, 'https://images.unsplash.com/photo-1552519507-da3b142c6e3d?w=800&h=600&fit=crop&auto=format'),
(30, 'https://images.unsplash.com/photo-1549317661-bd32c8ce0db2?w=800&h=600&fit=crop&auto=format'),
(31, 'https://images.unsplash.com/photo-1583121274602-3e2820c69888?w=800&h=600&fit=crop&auto=format'),
(32, 'https://images.unsplash.com/photo-1605559424843-9e4c228bf1c2?w=800&h=600&fit=crop&auto=format'),
(33, 'https://images.unsplash.com/photo-1609521263047-f8f205293f24?w=800&h=600&fit=crop&auto=format'),
(34, 'https://images.unsplash.com/photo-1550355291-bbee04a92027?w=800&h=600&fit=crop&auto=format'),
(35, 'https://images.unsplash.com/photo-1502877338535-766e1452684a?w=800&h=600&fit=crop&auto=format'),
(36, 'https://images.unsplash.com/photo-1552519507-da3b142c6e3d?w=800&h=600&fit=crop&auto=format'),
(37, 'https://images.unsplash.com/photo-1549317661-bd32c8ce0db2?w=800&h=600&fit=crop&auto=format'),
(38, 'https://images.unsplash.com/photo-1583121274602-3e2820c69888?w=800&h=600&fit=crop&auto=format'),
(39, 'https://images.unsplash.com/photo-1605559424843-9e4c228bf1c2?w=800&h=600&fit=crop&auto=format'),
(40, 'https://images.unsplash.com/photo-1609521263047-f8f205293f24?w=800&h=600&fit=crop&auto=format'),
(41, 'https://images.unsplash.com/photo-1550355291-bbee04a92027?w=800&h=600&fit=crop&auto=format'),
(42, 'https://images.unsplash.com/photo-1502877338535-766e1452684a?w=800&h=600&fit=crop&auto=format'),
(43, 'https://images.unsplash.com/photo-1552519507-da3b142c6e3d?w=800&h=600&fit=crop&auto=format'),
(44, 'https://images.unsplash.com/photo-1549317661-bd32c8ce0db2?w=800&h=600&fit=crop&auto=format'),
(45, 'https://images.unsplash.com/photo-1583121274602-3e2820c69888?w=800&h=600&fit=crop&auto=format'),
(46, 'https://images.unsplash.com/photo-1605559424843-9e4c228bf1c2?w=800&h=600&fit=crop&auto=format'),
(47, 'https://images.unsplash.com/photo-1609521263047-f8f205293f24?w=800&h=600&fit=crop&auto=format'),
(48, 'https://images.unsplash.com/photo-1550355291-bbee04a92027?w=800&h=600&fit=crop&auto=format'),
(49, 'https://images.unsplash.com/photo-1502877338535-766e1452684a?w=800&h=600&fit=crop&auto=format'),
(50, 'https://images.unsplash.com/photo-1552519507-da3b142c6e3d?w=800&h=600&fit=crop&auto=format'),
(51, 'https://images.unsplash.com/photo-1549317661-bd32c8ce0db2?w=800&h=600&fit=crop&auto=format'),
(52, 'https://images.unsplash.com/photo-1583121274602-3e2820c69888?w=800&h=600&fit=crop&auto=format'),
(53, 'https://images.unsplash.com/photo-1605559424843-9e4c228bf1c2?w=800&h=600&fit=crop&auto=format'),
(54, 'https://images.unsplash.com/photo-1609521263047-f8f205293f24?w=800&h=600&fit=crop&auto=format'),
(55, 'https://images.unsplash.com/photo-1550355291-bbee04a92027?w=800&h=600&fit=crop&auto=format'),
(56, 'https://images.unsplash.com/photo-1502877338535-766e1452684a?w=800&h=600&fit=crop&auto=format'),
(57, 'https://images.unsplash.com/photo-1552519507-da3b142c6e3d?w=800&h=600&fit=crop&auto=format'),
(58, 'https://images.unsplash.com/photo-1549317661-bd32c8ce0db2?w=800&h=600&fit=crop&auto=format'),
(59, 'https://images.unsplash.com/photo-1583121274602-3e2820c69888?w=800&h=600&fit=crop&auto=format'),
(60, 'https://images.unsplash.com/photo-1605559424843-9e4c228bf1c2?w=800&h=600&fit=crop&auto=format'),
(61, 'https://images.unsplash.com/photo-1609521263047-f8f205293f24?w=800&h=600&fit=crop&auto=format'),
(62, 'https://images.unsplash.com/photo-1550355291-bbee04a92027?w=800&h=600&fit=crop&auto=format'),
(63, 'https://images.unsplash.com/photo-1502877338535-766e1452684a?w=800&h=600&fit=crop&auto=format'),
(64, 'https://images.unsplash.com/photo-1552519507-da3b142c6e3d?w=800&h=600&fit=crop&auto=format'),
(65, 'https://images.unsplash.com/photo-1549317661-bd32c8ce0db2?w=800&h=600&fit=crop&auto=format'),
(66, 'https://images.unsplash.com/photo-1583121274602-3e2820c69888?w=800&h=600&fit=crop&auto=format'),
(67, 'https://images.unsplash.com/photo-1605559424843-9e4c228bf1c2?w=800&h=600&fit=crop&auto=format'),
(68, 'https://images.unsplash.com/photo-1609521263047-f8f205293f24?w=800&h=600&fit=crop&auto=format'),
(69, 'https://images.unsplash.com/photo-1550355291-bbee04a92027?w=800&h=600&fit=crop&auto=format'),
(70, 'https://images.unsplash.com/photo-1502877338535-766e1452684a?w=800&h=600&fit=crop&auto=format'),
(71, 'https://images.unsplash.com/photo-1552519507-da3b142c6e3d?w=800&h=600&fit=crop&auto=format'),
(72, 'https://images.unsplash.com/photo-1549317661-bd32c8ce0db2?w=800&h=600&fit=crop&auto=format'),
(73, 'https://images.unsplash.com/photo-1583121274602-3e2820c69888?w=800&h=600&fit=crop&auto=format'),
(74, 'https://images.unsplash.com/photo-1605559424843-9e4c228bf1c2?w=800&h=600&fit=crop&auto=format'),
(75, 'https://images.unsplash.com/photo-1609521263047-f8f205293f24?w=800&h=600&fit=crop&auto=format'),
(76, 'https://images.unsplash.com/photo-1550355291-bbee04a92027?w=800&h=600&fit=crop&auto=format'),
(77, 'https://images.unsplash.com/photo-1502877338535-766e1452684a?w=800&h=600&fit=crop&auto=format'),
(78, 'https://images.unsplash.com/photo-1552519507-da3b142c6e3d?w=800&h=600&fit=crop&auto=format'),
(79, 'https://images.unsplash.com/photo-1549317661-bd32c8ce0db2?w=800&h=600&fit=crop&auto=format'),
(80, 'https://images.unsplash.com/photo-1583121274602-3e2820c69888?w=800&h=600&fit=crop&auto=format'),
(81, 'https://images.unsplash.com/photo-1605559424843-9e4c228bf1c2?w=800&h=600&fit=crop&auto=format'),
(82, 'https://images.unsplash.com/photo-1609521263047-f8f205293f24?w=800&h=600&fit=crop&auto=format'),
(83, 'https://images.unsplash.com/photo-1550355291-bbee04a92027?w=800&h=600&fit=crop&auto=format'),
(84, 'https://images.unsplash.com/photo-1502877338535-766e1452684a?w=800&h=600&fit=crop&auto=format'),
(85, 'https://images.unsplash.com/photo-1552519507-da3b142c6e3d?w=800&h=600&fit=crop&auto=format'),
(86, 'https://images.unsplash.com/photo-1549317661-bd32c8ce0db2?w=800&h=600&fit=crop&auto=format'),
(87, 'https://images.unsplash.com/photo-1583121274602-3e2820c69888?w=800&h=600&fit=crop&auto=format'),
(88, 'https://images.unsplash.com/photo-1605559424843-9e4c228bf1c2?w=800&h=600&fit=crop&auto=format'),
(89, 'https://images.unsplash.com/photo-1609521263047-f8f205293f24?w=800&h=600&fit=crop&auto=format'),
(90, 'https://images.unsplash.com/photo-1550355291-bbee04a92027?w=800&h=600&fit=crop&auto=format'),
(91, 'https://images.unsplash.com/photo-1502877338535-766e1452684a?w=800&h=600&fit=crop&auto=format'),
(92, 'https://images.unsplash.com/photo-1552519507-da3b142c6e3d?w=800&h=600&fit=crop&auto=format'),
(93, 'https://images.unsplash.com/photo-1549317661-bd32c8ce0db2?w=800&h=600&fit=crop&auto=format'),
(94, 'https://images.unsplash.com/photo-1583121274602-3e2820c69888?w=800&h=600&fit=crop&auto=format'),
(95, 'https://images.unsplash.com/photo-1605559424843-9e4c228bf1c2?w=800&h=600&fit=crop&auto=format'),
(96, 'https://images.unsplash.com/photo-1609521263047-f8f205293f24?w=800&h=600&fit=crop&auto=format'),
(97, 'https://images.unsplash.com/photo-1550355291-bbee04a92027?w=800&h=600&fit=crop&auto=format'),
(98, 'https://images.unsplash.com/photo-1502877338535-766e1452684a?w=800&h=600&fit=crop&auto=format'),
(99, 'https://images.unsplash.com/photo-1552519507-da3b142c6e3d?w=800&h=600&fit=crop&auto=format'),
(100, 'https://images.unsplash.com/photo-1549317661-bd32c8ce0db2?w=800&h=600&fit=crop&auto=format');

-- Inserir itens dos veículos (continuação do arquivo original)
INSERT INTO vehicle_items (vehicle_id, item_id) VALUES 
(1, 8), (1, 4), (1, 5),
(2, 5), (2, 9), (2, 7), (2, 4), (2, 3),
(3, 5), (3, 6), (3, 8), (3, 2), (3, 3),
(4, 7), (4, 5), (4, 9),
(5, 6), (5, 8),
(6, 3), (6, 2), (6, 7), (6, 6),
(7, 6), (7, 4),
(8, 2), (8, 6),
(9, 9), (9, 4), (9, 8),
(10, 8), (10, 7),
(11, 4), (11, 7), (11, 6), (11, 9),
(12, 7), (12, 2), (12, 4), (12, 5),
(13, 5), (13, 1),
(14, 9), (14, 2),
(15, 3), (15, 8), (15, 6), (15, 5), (15, 9),
(16, 2), (16, 8), (16, 5),
(17, 3), (17, 9), (17, 2), (17, 1), (17, 4),
(18, 6), (18, 9),
(19, 7), (19, 4), (19, 9),
(20, 5), (20, 6),
(21, 3), (21, 2), (21, 6), (21, 8),
(22, 4), (22, 1), (22, 8),
(23, 5), (23, 7), (23, 9), (23, 1),
(24, 7), (24, 2), (24, 9), (24, 3),
(25, 1), (25, 7), (25, 9),
(26, 5), (26, 2),
(27, 1), (27, 3), (27, 5), (27, 2),
(28, 4), (28, 6), (28, 9), (28, 5), (28, 7),
(29, 4), (29, 9), (29, 1),
(30, 9), (30, 1), (30, 4), (30, 3),
(31, 8), (31, 1), (31, 3), (31, 4), (31, 2),
(32, 1), (32, 9), (32, 4), (32, 7),
(33, 9), (33, 1),
(34, 2), (34, 5),
(35, 9), (35, 7), (35, 6),
(36, 3), (36, 2),
(37, 1), (37, 6),
(38, 5), (38, 2), (38, 7), (38, 4),
(39, 4), (39, 2), (39, 9), (39, 1),
(40, 9), (40, 5), (40, 4), (40, 3),
(41, 1), (41, 2), (41, 4), (41, 9),
(42, 3), (42, 4), (42, 5),
(43, 1), (43, 7),
(44, 6), (44, 8), (44, 2), (44, 4), (44, 9),
(45, 9), (45, 8), (45, 4),
(46, 1), (46, 4), (46, 8),
(47, 6), (47, 8), (47, 1), (47, 2),
(48, 5), (48, 7), (48, 3),
(49, 1), (49, 2), (49, 6), (49, 5), (49, 8),
(50, 6), (50, 9), (50, 5), (50, 3),
(51, 6), (51, 4), (51, 9), (51, 7), (51, 2),
(52, 2), (52, 8), (52, 1), (52, 7),
(53, 7), (53, 8), (53, 4), (53, 1),
(54, 3), (54, 4), (54, 6),
(55, 2), (55, 7),
(56, 9), (56, 8),
(57, 5), (57, 7), (57, 6), (57, 2),
(58, 6), (58, 7),
(59, 8), (59, 4), (59, 3), (59, 1),
(60, 4), (60, 1), (60, 9),
(61, 4), (61, 9), (61, 8),
(62, 4), (62, 1), (62, 3),
(63, 6), (63, 3),
(64, 6), (64, 2), (64, 4), (64, 1),
(65, 5), (65, 1),
(66, 8), (66, 3), (66, 2),
(67, 9), (67, 2),
(68, 1), (68, 9), (68, 6), (68, 4),
(69, 8), (69, 3), (69, 4), (69, 7), (69, 9),
(70, 3), (70, 5), (70, 2), (70, 7),
(71, 8), (71, 9), (71, 4), (71, 7), (71, 2),
(72, 2), (72, 4),
(73, 9), (73, 4),
(74, 7), (74, 3),
(75, 7), (75, 6), (75, 8), (75, 5), (75, 9),
(76, 4), (76, 8), (76, 9), (76, 3), (76, 1),
(77, 9), (77, 8), (77, 3), (77, 6), (77, 2),
(78, 8), (78, 4), (78, 7),
(79, 8), (79, 6),
(80, 8), (80, 4), (80, 1),
(81, 3), (81, 5), (81, 2),
(82, 1), (82, 9), (82, 5), (82, 4), (82, 6),
(83, 9), (83, 1),
(84, 4), (84, 6), (84, 5), (84, 2),
(85, 2), (85, 5), (85, 7), (85, 1), (85, 8),
(86, 7), (86, 1), (86, 5), (86, 3), (86, 6),
(87, 8), (87, 5), (87, 3), (87, 7),
(88, 7), (88, 9), (88, 3), (88, 2), (88, 8),
(89, 3), (89, 2),
(90, 5), (90, 1), (90, 7),
(91, 4), (91, 3),
(92, 4), (92, 5), (92, 6), (92, 8), (92, 2),
(93, 9), (93, 3), (93, 6),
(94, 4), (94, 5), (94, 8), (94, 6), (94, 2),
(95, 8), (95, 3),
(96, 3), (96, 1), (96, 2), (96, 5), (96, 7),
(97, 1), (97, 9), (97, 2), (97, 3),
(98, 5), (98, 7),
(99, 1), (99, 2), (99, 7),
(100, 5), (100, 9), (100, 3);

-- Inserir customers com senhas (senha padrão: 123456)
INSERT INTO customers (full_name, phone, email, password) VALUES
('João Silva', '(11) 98765-4321', 'joao.silva@email.com', '$2b$10$WIyb2EzJMSJWWkk7ibqU7OXfGcgqugVbzU37ZETzE1S6WEK3Urt.C'),
('Maria Santos', '(21) 99876-5432', 'maria.santos@email.com', '$2b$10$v8FWhaiJf6lOZI7EWgYjLej2wlN0TO3WbSn6ECeCj0puusmbsaxU6'),
('Pedro Oliveira', '(31) 91234-5678', 'pedro.oliveira@email.com', '$2b$10$l/eQtjqZ2dQTjDAnfW1EkOMZx4nS9ntaCN7HrNjOuDoQtFyaIveLq'),
('Ana Costa', '(41) 92345-6789', 'ana.costa@email.com', '$2b$10$XQk6rjN9rzcifqThvI28au8qA/3ZtG.CPBNSOcXP8.M9s0ECazQM6'),
('Carlos Ferreira', '(51) 93456-7890', 'carlos.ferreira@email.com', '$2b$10$Tm/5TTenOuHMppDqNIP.iepq0pozT.n0ptPBrMjSFg5NC1dlA70ju'),
('Juliana Almeida', '(11) 94567-8901', 'juliana.almeida@email.com', '$2b$10$lXFXTkiXIn.NxYmP2RrV5u5Jqayo7CfYX2.sVnORqli7HpCKRghmC'),
('Roberto Souza', '(21) 95678-9012', 'roberto.souza@email.com', '$2b$10$jYoxeR6l41DrYY6Bhqrab.92hpQvUpWQZ1m5TtNjSqwHrCsF3U43K'),
('Fernanda Lima', '(31) 96789-0123', 'fernanda.lima@email.com', '$2b$10$QTgFR18GgEnigPqOjX4sHO26q1K.6iPnNamk0b3RR1fuYf1pPhwFS'),
('Ricardo Martins', '(41) 97890-1234', 'ricardo.martins@email.com', '$2b$10$CMEArlqDoBaQgoAQ02Zg..d4ep/368LyC/B5jOHER5XgihiUWBr2G'),
('Patrícia Rocha', '(51) 98901-2345', 'patricia.rocha@email.com', '$2b$10$BrLMum52PfgJxplM1JfCbevH.iDG3OfQwYPnNh0KjGR1QGipVgR9q'),
('Bruno Carvalho', '(11) 99012-3456', 'bruno.carvalho@email.com', '$2b$10$aIgpkA4LGrsPjQX5hYxOduIV3KtLkju4IaltkaTzSdMZXuSiioG0y'),
('Camila Dias', '(21) 90123-4567', 'camila.dias@email.com', '$2b$10$/HdZ/.0L7wHSnQO41GdaQurljAAiOzJd0./Eu4ixBStcmmGPhGuDK'),
('Lucas Pereira', '(31) 91234-5678', 'lucas.pereira@email.com', '$2b$10$ECrKOuJVTvmYPQO3S71/COMHmJ4qXyuvuXVpKw2ediZdunJ97BPHi'),
('Amanda Ribeiro', '(41) 92345-6789', 'amanda.ribeiro@email.com', '$2b$10$bjkwiBO8nG1p7dYkyOyCx./8JzwPvDzzxNp2A3Q5fq3lzT0sdUqcK'),
('Felipe Gomes', '(51) 93456-7890', 'felipe.gomes@email.com', '$2b$10$EeHHt2/J7rnZCGUqE/CSY.Qer9vOi5xTmGZBx4S4pFTv2/OvrKfLW'),
('Larissa Araújo', '(11) 94567-8901', 'larissa.araujo@email.com', '$2b$10$hn91qtno5d3s6dce.Ezd/uJ/ozIykLjoBEU3mKE4WzhoYFJ53b822'),
('Gabriel Barbosa', '(21) 95678-9012', 'gabriel.barbosa@email.com', '$2b$10$VDYvlLut/1DK6/5FvvsxGOAYnTAwwSLSklvwwyhqhdgjnICHG915O'),
('Isabela Nunes', '(31) 96789-0123', 'isabela.nunes@email.com', '$2b$10$ljiurnG/q/bmdD2JTiqOJeCBp/ROfheZr8oW46VQl8dGmVYyY5R0K'),
('Thiago Mendes', '(41) 97890-1234', 'thiago.mendes@email.com', '$2b$10$Ea/J4mJxoeJeT1Ou0ZZfPev2lvkZutvffX9AJTPtAVaap/pfKl4pi'),
('Vanessa Freitas', '(51) 98901-2345', 'vanessa.freitas@email.com', '$2b$10$ssYDqaPq6/UyPrbHCQHSAekYmkkJLKTKNw8PFzOMGcAQJa2jcC5UK'),
('Rafael Cardoso', '(11) 99012-3456', 'rafael.cardoso@email.com', '$2b$10$xIGFTueDgVlapQGMxZJzkOjWI8bxD/u0dJVKxCIedAViakFYMuipe'),
('Beatriz Teixeira', '(21) 90123-4567', 'beatriz.teixeira@email.com', '$2b$10$2xrkD2aH9iGKSS7VPq3a0euHtWlkNi6yAt8gFRB2Cymbu88OvAR8G'),
('Gustavo Moreira', '(31) 91234-5678', 'gustavo.moreira@email.com', '$2b$10$2jWcOKan7DzJpEGoTnHKge2DPEW1m/sNs6Khvyxzfhpr3Zcva4gNO'),
('Mariana Correia', '(41) 92345-6789', 'mariana.correia@email.com', '$2b$10$Ocu08G8191cY.3Vc06eKOuK3CHl81VdL5tiHdSA5O69fXA3uPDuOm'),
('Diego Azevedo', '(51) 93456-7890', 'diego.azevedo@email.com', '$2b$10$.EhCIDBMH.2INwgViMQdpOXVWCG0V89R92uoiUgfxKycGaCc1RlF2');

