
-- ============================
-- DDL: Database Structure
-- ============================



INSERT INTO fuel_type (fuel_type, description) VALUES
('G', 'Gasolina'),
('A', 'Álcool'),
('F', 'Flex'),
('D', 'Diesel');



INSERT INTO brand (name) VALUES
('Chevrolet'),
('Volkswagen'),
('Peugeot'),
('Fiat'),
('Ford'),
('Renault'),
('Citroën');



INSERT INTO model (brand_id, name) VALUES
(1, 'Classic'), (1, 'Corsa'), (1, 'Astra'),
(2, 'Fox'), (2, 'Gol'), (2, 'Parati'),
(3, '206'), (3, '207'),
(4, 'Palio'), (4, 'Uno'), (4, 'Siena'),
(5, 'Ka'), (5, 'Fiesta'), (5, 'Escort'),
(6, 'Clio'), (6, 'Symbol'),
(7, 'C3'), (7, 'Xsara');



INSERT INTO items (item_name) VALUES
('Ar-condicionado'),
('Direção hidráulica'),
('Vidros elétricos'),
('Trava elétrica'),
('Airbag'),
('ABS'),
('Som USB'),
('Rodas de liga leve'),
('Teto solar'),
('Sensor de estacionamento'),
('Bancos de couro'),
('Computador de bordo'),
('Alarme');


INSERT INTO vehicles (brand_id, model_id, year_manufacture, fuel_type, simple_description, mileage, ad_price, fipe_price) VALUES (1, 1, 2011, 'G', 'Classic Gasolina 2011', 222388, 9387, 8790);
INSERT INTO vehicles (brand_id, model_id, year_manufacture, fuel_type, simple_description, mileage, ad_price, fipe_price) VALUES (2, 4, 2003, 'G', 'Fox Gasolina 2003', 231582, 5661, 4774);
INSERT INTO vehicles (brand_id, model_id, year_manufacture, fuel_type, simple_description, mileage, ad_price, fipe_price) VALUES (3, 8, 1998, 'A', '207 Álcool 1998', 248144, 18273, 16429);
INSERT INTO vehicles (brand_id, model_id, year_manufacture, fuel_type, simple_description, mileage, ad_price, fipe_price) VALUES (3, 7, 2007, 'G', '206 Gasolina 2007', 125289, 16954, 15453);
INSERT INTO vehicles (brand_id, model_id, year_manufacture, fuel_type, simple_description, mileage, ad_price, fipe_price) VALUES (4, 9, 2007, 'G', 'Palio Gasolina 2007', 176510, 10651, 9238);
INSERT INTO vehicles (brand_id, model_id, year_manufacture, fuel_type, simple_description, mileage, ad_price, fipe_price) VALUES (4, 10, 2001, 'A', 'Uno Álcool 2001', 180655, 11232, 10572);
INSERT INTO vehicles (brand_id, model_id, year_manufacture, fuel_type, simple_description, mileage, ad_price, fipe_price) VALUES (6, 16, 1998, 'G', 'Symbol Gasolina 1998', 221840, 16506, 14810);
INSERT INTO vehicles (brand_id, model_id, year_manufacture, fuel_type, simple_description, mileage, ad_price, fipe_price) VALUES (1, 3, 2008, 'G', 'Astra Gasolina 2008', 194885, 5720, 4108);
INSERT INTO vehicles (brand_id, model_id, year_manufacture, fuel_type, simple_description, mileage, ad_price, fipe_price) VALUES (2, 5, 2012, 'A', 'Gol Álcool 2012', 147793, 16425, 14754);
INSERT INTO vehicles (brand_id, model_id, year_manufacture, fuel_type, simple_description, mileage, ad_price, fipe_price) VALUES (6, 16, 2000, 'F', 'Symbol Flex 2000', 90179, 7142, 4979);
INSERT INTO vehicles (brand_id, model_id, year_manufacture, fuel_type, simple_description, mileage, ad_price, fipe_price) VALUES (7, 18, 2004, 'G', 'Xsara Gasolina 2004', 223341, 8431, 6357);
INSERT INTO vehicles (brand_id, model_id, year_manufacture, fuel_type, simple_description, mileage, ad_price, fipe_price) VALUES (2, 6, 2000, 'G', 'Parati Gasolina 2000', 90955, 17001, 15499);
INSERT INTO vehicles (brand_id, model_id, year_manufacture, fuel_type, simple_description, mileage, ad_price, fipe_price) VALUES (1, 3, 2005, 'F', 'Astra Flex 2005', 125422, 10992, 9466);
INSERT INTO vehicles (brand_id, model_id, year_manufacture, fuel_type, simple_description, mileage, ad_price, fipe_price) VALUES (5, 12, 2010, 'G', 'Ka Gasolina 2010', 141514, 5725, 4786);
INSERT INTO vehicles (brand_id, model_id, year_manufacture, fuel_type, simple_description, mileage, ad_price, fipe_price) VALUES (1, 1, 2003, 'G', 'Classic Gasolina 2003', 188691, 18405, 16164);
INSERT INTO vehicles (brand_id, model_id, year_manufacture, fuel_type, simple_description, mileage, ad_price, fipe_price) VALUES (5, 12, 2012, 'A', 'Ka Álcool 2012', 145993, 15918, 14746);
INSERT INTO vehicles (brand_id, model_id, year_manufacture, fuel_type, simple_description, mileage, ad_price, fipe_price) VALUES (4, 10, 2004, 'A', 'Uno Álcool 2004', 147116, 19855, 17915);
INSERT INTO vehicles (brand_id, model_id, year_manufacture, fuel_type, simple_description, mileage, ad_price, fipe_price) VALUES (6, 16, 2012, 'G', 'Symbol Gasolina 2012', 110499, 12755, 10687);
INSERT INTO vehicles (brand_id, model_id, year_manufacture, fuel_type, simple_description, mileage, ad_price, fipe_price) VALUES (5, 14, 2008, 'F', 'Escort Flex 2008', 204213, 17361, 15099);
INSERT INTO vehicles (brand_id, model_id, year_manufacture, fuel_type, simple_description, mileage, ad_price, fipe_price) VALUES (4, 10, 1999, 'F', 'Uno Flex 1999', 217914, 14849, 12438);
INSERT INTO vehicles (brand_id, model_id, year_manufacture, fuel_type, simple_description, mileage, ad_price, fipe_price) VALUES (1, 1, 2011, 'A', 'Classic Álcool 2011', 149150, 18343, 15860);
INSERT INTO vehicles (brand_id, model_id, year_manufacture, fuel_type, simple_description, mileage, ad_price, fipe_price) VALUES (3, 7, 2009, 'F', '206 Flex 2009', 226156, 9348, 7050);
INSERT INTO vehicles (brand_id, model_id, year_manufacture, fuel_type, simple_description, mileage, ad_price, fipe_price) VALUES (4, 11, 2001, 'G', 'Siena Gasolina 2001', 93054, 17481, 15067);
INSERT INTO vehicles (brand_id, model_id, year_manufacture, fuel_type, simple_description, mileage, ad_price, fipe_price) VALUES (3, 7, 2009, 'A', '206 Álcool 2009', 174593, 5381, 3256);
INSERT INTO vehicles (brand_id, model_id, year_manufacture, fuel_type, simple_description, mileage, ad_price, fipe_price) VALUES (1, 1, 2011, 'F', 'Classic Flex 2011', 131449, 16573, 15398);
INSERT INTO vehicles (brand_id, model_id, year_manufacture, fuel_type, simple_description, mileage, ad_price, fipe_price) VALUES (5, 12, 2000, 'A', 'Ka Álcool 2000', 218472, 11850, 9485);
INSERT INTO vehicles (brand_id, model_id, year_manufacture, fuel_type, simple_description, mileage, ad_price, fipe_price) VALUES (1, 2, 1996, 'A', 'Corsa Álcool 1996', 238335, 10504, 8459);
INSERT INTO vehicles (brand_id, model_id, year_manufacture, fuel_type, simple_description, mileage, ad_price, fipe_price) VALUES (2, 6, 2011, 'A', 'Parati Álcool 2011', 89524, 6552, 4972);
INSERT INTO vehicles (brand_id, model_id, year_manufacture, fuel_type, simple_description, mileage, ad_price, fipe_price) VALUES (6, 16, 2009, 'A', 'Symbol Álcool 2009', 183707, 11606, 10976);
INSERT INTO vehicles (brand_id, model_id, year_manufacture, fuel_type, simple_description, mileage, ad_price, fipe_price) VALUES (6, 15, 2010, 'F', 'Clio Flex 2010', 142344, 9133, 6816);
INSERT INTO vehicles (brand_id, model_id, year_manufacture, fuel_type, simple_description, mileage, ad_price, fipe_price) VALUES (5, 12, 2006, 'F', 'Ka Flex 2006', 192142, 17839, 17247);
INSERT INTO vehicles (brand_id, model_id, year_manufacture, fuel_type, simple_description, mileage, ad_price, fipe_price) VALUES (5, 13, 1997, 'G', 'Fiesta Gasolina 1997', 91645, 7047, 4961);
INSERT INTO vehicles (brand_id, model_id, year_manufacture, fuel_type, simple_description, mileage, ad_price, fipe_price) VALUES (2, 6, 1996, 'G', 'Parati Gasolina 1996', 147628, 11874, 11364);
INSERT INTO vehicles (brand_id, model_id, year_manufacture, fuel_type, simple_description, mileage, ad_price, fipe_price) VALUES (5, 13, 2008, 'F', 'Fiesta Flex 2008', 109051, 16209, 15290);
INSERT INTO vehicles (brand_id, model_id, year_manufacture, fuel_type, simple_description, mileage, ad_price, fipe_price) VALUES (6, 15, 1996, 'F', 'Clio Flex 1996', 244274, 6786, 5058);
INSERT INTO vehicles (brand_id, model_id, year_manufacture, fuel_type, simple_description, mileage, ad_price, fipe_price) VALUES (2, 5, 2009, 'A', 'Gol Álcool 2009', 250368, 10359, 8034);
INSERT INTO vehicles (brand_id, model_id, year_manufacture, fuel_type, simple_description, mileage, ad_price, fipe_price) VALUES (3, 7, 2000, 'F', '206 Flex 2000', 114109, 10842, 9887);
INSERT INTO vehicles (brand_id, model_id, year_manufacture, fuel_type, simple_description, mileage, ad_price, fipe_price) VALUES (2, 5, 1998, 'G', 'Gol Gasolina 1998', 186889, 5734, 3644);
INSERT INTO vehicles (brand_id, model_id, year_manufacture, fuel_type, simple_description, mileage, ad_price, fipe_price) VALUES (7, 17, 2010, 'F', 'C3 Flex 2010', 226828, 7267, 4954);
INSERT INTO vehicles (brand_id, model_id, year_manufacture, fuel_type, simple_description, mileage, ad_price, fipe_price) VALUES (1, 3, 2010, 'F', 'Astra Flex 2010', 175511, 8278, 6299);
INSERT INTO vehicles (brand_id, model_id, year_manufacture, fuel_type, simple_description, mileage, ad_price, fipe_price) VALUES (1, 1, 1998, 'F', 'Classic Flex 1998', 126803, 9177, 7899);
INSERT INTO vehicles (brand_id, model_id, year_manufacture, fuel_type, simple_description, mileage, ad_price, fipe_price) VALUES (6, 16, 2004, 'G', 'Symbol Gasolina 2004', 134924, 15764, 13599);
INSERT INTO vehicles (brand_id, model_id, year_manufacture, fuel_type, simple_description, mileage, ad_price, fipe_price) VALUES (5, 13, 2011, 'A', 'Fiesta Álcool 2011', 166214, 12763, 10660);
INSERT INTO vehicles (brand_id, model_id, year_manufacture, fuel_type, simple_description, mileage, ad_price, fipe_price) VALUES (2, 4, 2001, 'G', 'Fox Gasolina 2001', 83508, 12774, 11115);
INSERT INTO vehicles (brand_id, model_id, year_manufacture, fuel_type, simple_description, mileage, ad_price, fipe_price) VALUES (2, 6, 2005, 'G', 'Parati Gasolina 2005', 241694, 13112, 11960);
INSERT INTO vehicles (brand_id, model_id, year_manufacture, fuel_type, simple_description, mileage, ad_price, fipe_price) VALUES (5, 12, 2006, 'F', 'Ka Flex 2006', 195947, 13128, 11821);
INSERT INTO vehicles (brand_id, model_id, year_manufacture, fuel_type, simple_description, mileage, ad_price, fipe_price) VALUES (7, 18, 2007, 'F', 'Xsara Flex 2007', 259160, 18237, 17007);
INSERT INTO vehicles (brand_id, model_id, year_manufacture, fuel_type, simple_description, mileage, ad_price, fipe_price) VALUES (4, 10, 2003, 'G', 'Uno Gasolina 2003', 121419, 8050, 6709);
INSERT INTO vehicles (brand_id, model_id, year_manufacture, fuel_type, simple_description, mileage, ad_price, fipe_price) VALUES (6, 15, 2006, 'A', 'Clio Álcool 2006', 162109, 13738, 11578);
INSERT INTO vehicles (brand_id, model_id, year_manufacture, fuel_type, simple_description, mileage, ad_price, fipe_price) VALUES (4, 9, 2003, 'A', 'Palio Álcool 2003', 142143, 16902, 15218);
INSERT INTO vehicles (brand_id, model_id, year_manufacture, fuel_type, simple_description, mileage, ad_price, fipe_price) VALUES (7, 17, 1995, 'G', 'C3 Gasolina 1995', 186151, 19327, 17536);
INSERT INTO vehicles (brand_id, model_id, year_manufacture, fuel_type, simple_description, mileage, ad_price, fipe_price) VALUES (6, 16, 2005, 'A', 'Symbol Álcool 2005', 96343, 5614, 4921);
INSERT INTO vehicles (brand_id, model_id, year_manufacture, fuel_type, simple_description, mileage, ad_price, fipe_price) VALUES (4, 11, 1999, 'F', 'Siena Flex 1999', 95804, 6199, 3956);
INSERT INTO vehicles (brand_id, model_id, year_manufacture, fuel_type, simple_description, mileage, ad_price, fipe_price) VALUES (4, 10, 2006, 'F', 'Uno Flex 2006', 188343, 16712, 14708);
INSERT INTO vehicles (brand_id, model_id, year_manufacture, fuel_type, simple_description, mileage, ad_price, fipe_price) VALUES (4, 9, 1997, 'F', 'Palio Flex 1997', 153572, 13966, 13100);
INSERT INTO vehicles (brand_id, model_id, year_manufacture, fuel_type, simple_description, mileage, ad_price, fipe_price) VALUES (7, 17, 2006, 'A', 'C3 Álcool 2006', 150086, 19411, 17491);
INSERT INTO vehicles (brand_id, model_id, year_manufacture, fuel_type, simple_description, mileage, ad_price, fipe_price) VALUES (6, 16, 1997, 'A', 'Symbol Álcool 1997', 241954, 13681, 11893);
INSERT INTO vehicles (brand_id, model_id, year_manufacture, fuel_type, simple_description, mileage, ad_price, fipe_price) VALUES (2, 5, 2002, 'G', 'Gol Gasolina 2002', 105134, 13025, 10861);
INSERT INTO vehicles (brand_id, model_id, year_manufacture, fuel_type, simple_description, mileage, ad_price, fipe_price) VALUES (5, 14, 2010, 'A', 'Escort Álcool 2010', 141452, 9164, 8299);
INSERT INTO vehicles (brand_id, model_id, year_manufacture, fuel_type, simple_description, mileage, ad_price, fipe_price) VALUES (1, 3, 2007, 'A', 'Astra Álcool 2007', 89454, 8710, 8148);
INSERT INTO vehicles (brand_id, model_id, year_manufacture, fuel_type, simple_description, mileage, ad_price, fipe_price) VALUES (1, 1, 2011, 'G', 'Classic Gasolina 2011', 156837, 15790, 13443);
INSERT INTO vehicles (brand_id, model_id, year_manufacture, fuel_type, simple_description, mileage, ad_price, fipe_price) VALUES (3, 7, 2009, 'A', '206 Álcool 2009', 83163, 14944, 14334);
INSERT INTO vehicles (brand_id, model_id, year_manufacture, fuel_type, simple_description, mileage, ad_price, fipe_price) VALUES (5, 12, 2005, 'F', 'Ka Flex 2005', 145405, 14939, 12513);
INSERT INTO vehicles (brand_id, model_id, year_manufacture, fuel_type, simple_description, mileage, ad_price, fipe_price) VALUES (6, 15, 2010, 'F', 'Clio Flex 2010', 107887, 16855, 15531);
INSERT INTO vehicles (brand_id, model_id, year_manufacture, fuel_type, simple_description, mileage, ad_price, fipe_price) VALUES (5, 12, 2009, 'F', 'Ka Flex 2009', 120921, 13874, 11502);
INSERT INTO vehicles (brand_id, model_id, year_manufacture, fuel_type, simple_description, mileage, ad_price, fipe_price) VALUES (2, 4, 2008, 'G', 'Fox Gasolina 2008', 250494, 10724, 10108);
INSERT INTO vehicles (brand_id, model_id, year_manufacture, fuel_type, simple_description, mileage, ad_price, fipe_price) VALUES (4, 9, 1999, 'F', 'Palio Flex 1999', 113640, 12906, 12174);
INSERT INTO vehicles (brand_id, model_id, year_manufacture, fuel_type, simple_description, mileage, ad_price, fipe_price) VALUES (3, 7, 2005, 'A', '206 Álcool 2005', 252836, 7878, 5691);
INSERT INTO vehicles (brand_id, model_id, year_manufacture, fuel_type, simple_description, mileage, ad_price, fipe_price) VALUES (1, 3, 1999, 'G', 'Astra Gasolina 1999', 143832, 18569, 17569);
INSERT INTO vehicles (brand_id, model_id, year_manufacture, fuel_type, simple_description, mileage, ad_price, fipe_price) VALUES (3, 8, 2002, 'A', '207 Álcool 2002', 160140, 5961, 5064);
INSERT INTO vehicles (brand_id, model_id, year_manufacture, fuel_type, simple_description, mileage, ad_price, fipe_price) VALUES (4, 9, 2007, 'F', 'Palio Flex 2007', 252404, 19865, 18850);
INSERT INTO vehicles (brand_id, model_id, year_manufacture, fuel_type, simple_description, mileage, ad_price, fipe_price) VALUES (3, 7, 1999, 'F', '206 Flex 1999', 250870, 10969, 8821);
INSERT INTO vehicles (brand_id, model_id, year_manufacture, fuel_type, simple_description, mileage, ad_price, fipe_price) VALUES (3, 8, 1996, 'A', '207 Álcool 1996', 173409, 13788, 12729);
INSERT INTO vehicles (brand_id, model_id, year_manufacture, fuel_type, simple_description, mileage, ad_price, fipe_price) VALUES (4, 10, 1998, 'G', 'Uno Gasolina 1998', 217042, 13792, 12530);
INSERT INTO vehicles (brand_id, model_id, year_manufacture, fuel_type, simple_description, mileage, ad_price, fipe_price) VALUES (3, 8, 2008, 'G', '207 Gasolina 2008', 155776, 18305, 17600);
INSERT INTO vehicles (brand_id, model_id, year_manufacture, fuel_type, simple_description, mileage, ad_price, fipe_price) VALUES (1, 2, 2011, 'A', 'Corsa Álcool 2011', 125335, 11470, 10176);
INSERT INTO vehicles (brand_id, model_id, year_manufacture, fuel_type, simple_description, mileage, ad_price, fipe_price) VALUES (1, 2, 2007, 'G', 'Corsa Gasolina 2007', 123245, 17592, 15326);
INSERT INTO vehicles (brand_id, model_id, year_manufacture, fuel_type, simple_description, mileage, ad_price, fipe_price) VALUES (5, 13, 2000, 'G', 'Fiesta Gasolina 2000', 181132, 18946, 17402);
INSERT INTO vehicles (brand_id, model_id, year_manufacture, fuel_type, simple_description, mileage, ad_price, fipe_price) VALUES (2, 5, 2010, 'F', 'Gol Flex 2010', 258239, 17489, 15665);
INSERT INTO vehicles (brand_id, model_id, year_manufacture, fuel_type, simple_description, mileage, ad_price, fipe_price) VALUES (4, 10, 2006, 'F', 'Uno Flex 2006', 254645, 12526, 11645);
INSERT INTO vehicles (brand_id, model_id, year_manufacture, fuel_type, simple_description, mileage, ad_price, fipe_price) VALUES (5, 12, 2005, 'G', 'Ka Gasolina 2005', 167170, 9190, 7959);
INSERT INTO vehicles (brand_id, model_id, year_manufacture, fuel_type, simple_description, mileage, ad_price, fipe_price) VALUES (5, 12, 1996, 'F', 'Ka Flex 1996', 112391, 9199, 8657);
INSERT INTO vehicles (brand_id, model_id, year_manufacture, fuel_type, simple_description, mileage, ad_price, fipe_price) VALUES (6, 15, 2001, 'A', 'Clio Álcool 2001', 172168, 16867, 15660);
INSERT INTO vehicles (brand_id, model_id, year_manufacture, fuel_type, simple_description, mileage, ad_price, fipe_price) VALUES (2, 6, 2011, 'A', 'Parati Álcool 2011', 126386, 5580, 4424);
INSERT INTO vehicles (brand_id, model_id, year_manufacture, fuel_type, simple_description, mileage, ad_price, fipe_price) VALUES (1, 3, 2002, 'A', 'Astra Álcool 2002', 156727, 9158, 7020);
INSERT INTO vehicles (brand_id, model_id, year_manufacture, fuel_type, simple_description, mileage, ad_price, fipe_price) VALUES (1, 3, 2010, 'F', 'Astra Flex 2010', 172569, 9512, 8833);
INSERT INTO vehicles (brand_id, model_id, year_manufacture, fuel_type, simple_description, mileage, ad_price, fipe_price) VALUES (3, 8, 1999, 'G', '207 Gasolina 1999', 129564, 14527, 13049);
INSERT INTO vehicles (brand_id, model_id, year_manufacture, fuel_type, simple_description, mileage, ad_price, fipe_price) VALUES (5, 12, 2010, 'G', 'Ka Gasolina 2010', 171118, 17413, 15702);
INSERT INTO vehicles (brand_id, model_id, year_manufacture, fuel_type, simple_description, mileage, ad_price, fipe_price) VALUES (7, 17, 2005, 'F', 'C3 Flex 2005', 156348, 12494, 10173);
INSERT INTO vehicles (brand_id, model_id, year_manufacture, fuel_type, simple_description, mileage, ad_price, fipe_price) VALUES (5, 12, 1996, 'A', 'Ka Álcool 1996', 90931, 7607, 5259);
INSERT INTO vehicles (brand_id, model_id, year_manufacture, fuel_type, simple_description, mileage, ad_price, fipe_price) VALUES (1, 3, 2010, 'G', 'Astra Gasolina 2010', 166311, 5982, 3491);
INSERT INTO vehicles (brand_id, model_id, year_manufacture, fuel_type, simple_description, mileage, ad_price, fipe_price) VALUES (2, 6, 1999, 'A', 'Parati Álcool 1999', 111006, 5744, 3465);
INSERT INTO vehicles (brand_id, model_id, year_manufacture, fuel_type, simple_description, mileage, ad_price, fipe_price) VALUES (7, 18, 1995, 'F', 'Xsara Flex 1995', 229442, 8165, 6932);
INSERT INTO vehicles (brand_id, model_id, year_manufacture, fuel_type, simple_description, mileage, ad_price, fipe_price) VALUES (1, 1, 1996, 'F', 'Classic Flex 1996', 155688, 7406, 5545);
INSERT INTO vehicles (brand_id, model_id, year_manufacture, fuel_type, simple_description, mileage, ad_price, fipe_price) VALUES (4, 9, 2004, 'G', 'Palio Gasolina 2004', 216635, 18551, 16118);
INSERT INTO vehicles (brand_id, model_id, year_manufacture, fuel_type, simple_description, mileage, ad_price, fipe_price) VALUES (4, 10, 2009, 'G', 'Uno Gasolina 2009', 245539, 9767, 7504);
INSERT INTO vehicles (brand_id, model_id, year_manufacture, fuel_type, simple_description, mileage, ad_price, fipe_price) VALUES (1, 3, 2000, 'A', 'Astra Álcool 2000', 179277, 16695, 15840);
INSERT INTO vehicles (brand_id, model_id, year_manufacture, fuel_type, simple_description, mileage, ad_price, fipe_price) VALUES (1, 2, 2002, 'G', 'Corsa Gasolina 2002', 104625, 10476, 9115);
INSERT INTO vehicles (brand_id, model_id, year_manufacture, fuel_type, simple_description, mileage, ad_price, fipe_price) VALUES (2, 4, 2004, 'F', 'Fox Flex 2004', 184325, 9000, 8106);
INSERT INTO vehicles (brand_id, model_id, year_manufacture, fuel_type, simple_description, mileage, ad_price, fipe_price) VALUES (4, 11, 1998, 'A', 'Siena Álcool 1998', 197737, 15186, 14336);
INSERT INTO vehicle_photos (vehicle_id, photo_url) VALUES (1, 'https://source.unsplash.com/600x400/?Chevrolet%20Classic%202011%20usado');
INSERT INTO vehicle_photos (vehicle_id, photo_url) VALUES (2, 'https://source.unsplash.com/600x400/?Volkswagen%20Fox%202003%20usado');
INSERT INTO vehicle_photos (vehicle_id, photo_url) VALUES (3, 'https://source.unsplash.com/600x400/?Peugeot%20207%201998%20usado');
INSERT INTO vehicle_photos (vehicle_id, photo_url) VALUES (4, 'https://source.unsplash.com/600x400/?Peugeot%20206%202007%20usado');
INSERT INTO vehicle_photos (vehicle_id, photo_url) VALUES (5, 'https://source.unsplash.com/600x400/?Fiat%20Palio%202007%20usado');
INSERT INTO vehicle_photos (vehicle_id, photo_url) VALUES (6, 'https://source.unsplash.com/600x400/?Fiat%20Uno%202001%20usado');
INSERT INTO vehicle_photos (vehicle_id, photo_url) VALUES (7, 'https://source.unsplash.com/600x400/?Renault%20Symbol%201998%20usado');
INSERT INTO vehicle_photos (vehicle_id, photo_url) VALUES (8, 'https://source.unsplash.com/600x400/?Chevrolet%20Astra%202008%20usado');
INSERT INTO vehicle_photos (vehicle_id, photo_url) VALUES (9, 'https://source.unsplash.com/600x400/?Volkswagen%20Gol%202012%20usado');
INSERT INTO vehicle_photos (vehicle_id, photo_url) VALUES (10, 'https://source.unsplash.com/600x400/?Renault%20Symbol%202000%20usado');
INSERT INTO vehicle_photos (vehicle_id, photo_url) VALUES (11, 'https://source.unsplash.com/600x400/?Citro%C3%ABn%20Xsara%202004%20usado');
INSERT INTO vehicle_photos (vehicle_id, photo_url) VALUES (12, 'https://source.unsplash.com/600x400/?Volkswagen%20Parati%202000%20usado');
INSERT INTO vehicle_photos (vehicle_id, photo_url) VALUES (13, 'https://source.unsplash.com/600x400/?Chevrolet%20Astra%202005%20usado');
INSERT INTO vehicle_photos (vehicle_id, photo_url) VALUES (14, 'https://source.unsplash.com/600x400/?Ford%20Ka%202010%20usado');
INSERT INTO vehicle_photos (vehicle_id, photo_url) VALUES (15, 'https://source.unsplash.com/600x400/?Chevrolet%20Classic%202003%20usado');
INSERT INTO vehicle_photos (vehicle_id, photo_url) VALUES (16, 'https://source.unsplash.com/600x400/?Ford%20Ka%202012%20usado');
INSERT INTO vehicle_photos (vehicle_id, photo_url) VALUES (17, 'https://source.unsplash.com/600x400/?Fiat%20Uno%202004%20usado');
INSERT INTO vehicle_photos (vehicle_id, photo_url) VALUES (18, 'https://source.unsplash.com/600x400/?Renault%20Symbol%202012%20usado');
INSERT INTO vehicle_photos (vehicle_id, photo_url) VALUES (19, 'https://source.unsplash.com/600x400/?Ford%20Escort%202008%20usado');
INSERT INTO vehicle_photos (vehicle_id, photo_url) VALUES (20, 'https://source.unsplash.com/600x400/?Fiat%20Uno%201999%20usado');
INSERT INTO vehicle_photos (vehicle_id, photo_url) VALUES (21, 'https://source.unsplash.com/600x400/?Chevrolet%20Classic%202011%20usado');
INSERT INTO vehicle_photos (vehicle_id, photo_url) VALUES (22, 'https://source.unsplash.com/600x400/?Peugeot%20206%202009%20usado');
INSERT INTO vehicle_photos (vehicle_id, photo_url) VALUES (23, 'https://source.unsplash.com/600x400/?Fiat%20Siena%202001%20usado');
INSERT INTO vehicle_photos (vehicle_id, photo_url) VALUES (24, 'https://source.unsplash.com/600x400/?Peugeot%20206%202009%20usado');
INSERT INTO vehicle_photos (vehicle_id, photo_url) VALUES (25, 'https://source.unsplash.com/600x400/?Chevrolet%20Classic%202011%20usado');
INSERT INTO vehicle_photos (vehicle_id, photo_url) VALUES (26, 'https://source.unsplash.com/600x400/?Ford%20Ka%202000%20usado');
INSERT INTO vehicle_photos (vehicle_id, photo_url) VALUES (27, 'https://source.unsplash.com/600x400/?Chevrolet%20Corsa%201996%20usado');
INSERT INTO vehicle_photos (vehicle_id, photo_url) VALUES (28, 'https://source.unsplash.com/600x400/?Volkswagen%20Parati%202011%20usado');
INSERT INTO vehicle_photos (vehicle_id, photo_url) VALUES (29, 'https://source.unsplash.com/600x400/?Renault%20Symbol%202009%20usado');
INSERT INTO vehicle_photos (vehicle_id, photo_url) VALUES (30, 'https://source.unsplash.com/600x400/?Renault%20Clio%202010%20usado');
INSERT INTO vehicle_photos (vehicle_id, photo_url) VALUES (31, 'https://source.unsplash.com/600x400/?Ford%20Ka%202006%20usado');
INSERT INTO vehicle_photos (vehicle_id, photo_url) VALUES (32, 'https://source.unsplash.com/600x400/?Ford%20Fiesta%201997%20usado');
INSERT INTO vehicle_photos (vehicle_id, photo_url) VALUES (33, 'https://source.unsplash.com/600x400/?Volkswagen%20Parati%201996%20usado');
INSERT INTO vehicle_photos (vehicle_id, photo_url) VALUES (34, 'https://source.unsplash.com/600x400/?Ford%20Fiesta%202008%20usado');
INSERT INTO vehicle_photos (vehicle_id, photo_url) VALUES (35, 'https://source.unsplash.com/600x400/?Renault%20Clio%201996%20usado');
INSERT INTO vehicle_photos (vehicle_id, photo_url) VALUES (36, 'https://source.unsplash.com/600x400/?Volkswagen%20Gol%202009%20usado');
INSERT INTO vehicle_photos (vehicle_id, photo_url) VALUES (37, 'https://source.unsplash.com/600x400/?Peugeot%20206%202000%20usado');
INSERT INTO vehicle_photos (vehicle_id, photo_url) VALUES (38, 'https://source.unsplash.com/600x400/?Volkswagen%20Gol%201998%20usado');
INSERT INTO vehicle_photos (vehicle_id, photo_url) VALUES (39, 'https://source.unsplash.com/600x400/?Citro%C3%ABn%20C3%202010%20usado');
INSERT INTO vehicle_photos (vehicle_id, photo_url) VALUES (40, 'https://source.unsplash.com/600x400/?Chevrolet%20Astra%202010%20usado');
INSERT INTO vehicle_photos (vehicle_id, photo_url) VALUES (41, 'https://source.unsplash.com/600x400/?Chevrolet%20Classic%201998%20usado');
INSERT INTO vehicle_photos (vehicle_id, photo_url) VALUES (42, 'https://source.unsplash.com/600x400/?Renault%20Symbol%202004%20usado');
INSERT INTO vehicle_photos (vehicle_id, photo_url) VALUES (43, 'https://source.unsplash.com/600x400/?Ford%20Fiesta%202011%20usado');
INSERT INTO vehicle_photos (vehicle_id, photo_url) VALUES (44, 'https://source.unsplash.com/600x400/?Volkswagen%20Fox%202001%20usado');
INSERT INTO vehicle_photos (vehicle_id, photo_url) VALUES (45, 'https://source.unsplash.com/600x400/?Volkswagen%20Parati%202005%20usado');
INSERT INTO vehicle_photos (vehicle_id, photo_url) VALUES (46, 'https://source.unsplash.com/600x400/?Ford%20Ka%202006%20usado');
INSERT INTO vehicle_photos (vehicle_id, photo_url) VALUES (47, 'https://source.unsplash.com/600x400/?Citro%C3%ABn%20Xsara%202007%20usado');
INSERT INTO vehicle_photos (vehicle_id, photo_url) VALUES (48, 'https://source.unsplash.com/600x400/?Fiat%20Uno%202003%20usado');
INSERT INTO vehicle_photos (vehicle_id, photo_url) VALUES (49, 'https://source.unsplash.com/600x400/?Renault%20Clio%202006%20usado');
INSERT INTO vehicle_photos (vehicle_id, photo_url) VALUES (50, 'https://source.unsplash.com/600x400/?Fiat%20Palio%202003%20usado');
INSERT INTO vehicle_photos (vehicle_id, photo_url) VALUES (51, 'https://source.unsplash.com/600x400/?Citro%C3%ABn%20C3%201995%20usado');
INSERT INTO vehicle_photos (vehicle_id, photo_url) VALUES (52, 'https://source.unsplash.com/600x400/?Renault%20Symbol%202005%20usado');
INSERT INTO vehicle_photos (vehicle_id, photo_url) VALUES (53, 'https://source.unsplash.com/600x400/?Fiat%20Siena%201999%20usado');
INSERT INTO vehicle_photos (vehicle_id, photo_url) VALUES (54, 'https://source.unsplash.com/600x400/?Fiat%20Uno%202006%20usado');
INSERT INTO vehicle_photos (vehicle_id, photo_url) VALUES (55, 'https://source.unsplash.com/600x400/?Fiat%20Palio%201997%20usado');
INSERT INTO vehicle_photos (vehicle_id, photo_url) VALUES (56, 'https://source.unsplash.com/600x400/?Citro%C3%ABn%20C3%202006%20usado');
INSERT INTO vehicle_photos (vehicle_id, photo_url) VALUES (57, 'https://source.unsplash.com/600x400/?Renault%20Symbol%201997%20usado');
INSERT INTO vehicle_photos (vehicle_id, photo_url) VALUES (58, 'https://source.unsplash.com/600x400/?Volkswagen%20Gol%202002%20usado');
INSERT INTO vehicle_photos (vehicle_id, photo_url) VALUES (59, 'https://source.unsplash.com/600x400/?Ford%20Escort%202010%20usado');
INSERT INTO vehicle_photos (vehicle_id, photo_url) VALUES (60, 'https://source.unsplash.com/600x400/?Chevrolet%20Astra%202007%20usado');
INSERT INTO vehicle_photos (vehicle_id, photo_url) VALUES (61, 'https://source.unsplash.com/600x400/?Chevrolet%20Classic%202011%20usado');
INSERT INTO vehicle_photos (vehicle_id, photo_url) VALUES (62, 'https://source.unsplash.com/600x400/?Peugeot%20206%202009%20usado');
INSERT INTO vehicle_photos (vehicle_id, photo_url) VALUES (63, 'https://source.unsplash.com/600x400/?Ford%20Ka%202005%20usado');
INSERT INTO vehicle_photos (vehicle_id, photo_url) VALUES (64, 'https://source.unsplash.com/600x400/?Renault%20Clio%202010%20usado');
INSERT INTO vehicle_photos (vehicle_id, photo_url) VALUES (65, 'https://source.unsplash.com/600x400/?Ford%20Ka%202009%20usado');
INSERT INTO vehicle_photos (vehicle_id, photo_url) VALUES (66, 'https://source.unsplash.com/600x400/?Volkswagen%20Fox%202008%20usado');
INSERT INTO vehicle_photos (vehicle_id, photo_url) VALUES (67, 'https://source.unsplash.com/600x400/?Fiat%20Palio%201999%20usado');
INSERT INTO vehicle_photos (vehicle_id, photo_url) VALUES (68, 'https://source.unsplash.com/600x400/?Peugeot%20206%202005%20usado');
INSERT INTO vehicle_photos (vehicle_id, photo_url) VALUES (69, 'https://source.unsplash.com/600x400/?Chevrolet%20Astra%201999%20usado');
INSERT INTO vehicle_photos (vehicle_id, photo_url) VALUES (70, 'https://source.unsplash.com/600x400/?Peugeot%20207%202002%20usado');
INSERT INTO vehicle_photos (vehicle_id, photo_url) VALUES (71, 'https://source.unsplash.com/600x400/?Fiat%20Palio%202007%20usado');
INSERT INTO vehicle_photos (vehicle_id, photo_url) VALUES (72, 'https://source.unsplash.com/600x400/?Peugeot%20206%201999%20usado');
INSERT INTO vehicle_photos (vehicle_id, photo_url) VALUES (73, 'https://source.unsplash.com/600x400/?Peugeot%20207%201996%20usado');
INSERT INTO vehicle_photos (vehicle_id, photo_url) VALUES (74, 'https://source.unsplash.com/600x400/?Fiat%20Uno%201998%20usado');
INSERT INTO vehicle_photos (vehicle_id, photo_url) VALUES (75, 'https://source.unsplash.com/600x400/?Peugeot%20207%202008%20usado');
INSERT INTO vehicle_photos (vehicle_id, photo_url) VALUES (76, 'https://source.unsplash.com/600x400/?Chevrolet%20Corsa%202011%20usado');
INSERT INTO vehicle_photos (vehicle_id, photo_url) VALUES (77, 'https://source.unsplash.com/600x400/?Chevrolet%20Corsa%202007%20usado');
INSERT INTO vehicle_photos (vehicle_id, photo_url) VALUES (78, 'https://source.unsplash.com/600x400/?Ford%20Fiesta%202000%20usado');
INSERT INTO vehicle_photos (vehicle_id, photo_url) VALUES (79, 'https://source.unsplash.com/600x400/?Volkswagen%20Gol%202010%20usado');
INSERT INTO vehicle_photos (vehicle_id, photo_url) VALUES (80, 'https://source.unsplash.com/600x400/?Fiat%20Uno%202006%20usado');
INSERT INTO vehicle_photos (vehicle_id, photo_url) VALUES (81, 'https://source.unsplash.com/600x400/?Ford%20Ka%202005%20usado');
INSERT INTO vehicle_photos (vehicle_id, photo_url) VALUES (82, 'https://source.unsplash.com/600x400/?Ford%20Ka%201996%20usado');
INSERT INTO vehicle_photos (vehicle_id, photo_url) VALUES (83, 'https://source.unsplash.com/600x400/?Renault%20Clio%202001%20usado');
INSERT INTO vehicle_photos (vehicle_id, photo_url) VALUES (84, 'https://source.unsplash.com/600x400/?Volkswagen%20Parati%202011%20usado');
INSERT INTO vehicle_photos (vehicle_id, photo_url) VALUES (85, 'https://source.unsplash.com/600x400/?Chevrolet%20Astra%202002%20usado');
INSERT INTO vehicle_photos (vehicle_id, photo_url) VALUES (86, 'https://source.unsplash.com/600x400/?Chevrolet%20Astra%202010%20usado');
INSERT INTO vehicle_photos (vehicle_id, photo_url) VALUES (87, 'https://source.unsplash.com/600x400/?Peugeot%20207%201999%20usado');
INSERT INTO vehicle_photos (vehicle_id, photo_url) VALUES (88, 'https://source.unsplash.com/600x400/?Ford%20Ka%202010%20usado');
INSERT INTO vehicle_photos (vehicle_id, photo_url) VALUES (89, 'https://source.unsplash.com/600x400/?Citro%C3%ABn%20C3%202005%20usado');
INSERT INTO vehicle_photos (vehicle_id, photo_url) VALUES (90, 'https://source.unsplash.com/600x400/?Ford%20Ka%201996%20usado');
INSERT INTO vehicle_photos (vehicle_id, photo_url) VALUES (91, 'https://source.unsplash.com/600x400/?Chevrolet%20Astra%202010%20usado');
INSERT INTO vehicle_photos (vehicle_id, photo_url) VALUES (92, 'https://source.unsplash.com/600x400/?Volkswagen%20Parati%201999%20usado');
INSERT INTO vehicle_photos (vehicle_id, photo_url) VALUES (93, 'https://source.unsplash.com/600x400/?Citro%C3%ABn%20Xsara%201995%20usado');
INSERT INTO vehicle_photos (vehicle_id, photo_url) VALUES (94, 'https://source.unsplash.com/600x400/?Chevrolet%20Classic%201996%20usado');
INSERT INTO vehicle_photos (vehicle_id, photo_url) VALUES (95, 'https://source.unsplash.com/600x400/?Fiat%20Palio%202004%20usado');
INSERT INTO vehicle_photos (vehicle_id, photo_url) VALUES (96, 'https://source.unsplash.com/600x400/?Fiat%20Uno%202009%20usado');
INSERT INTO vehicle_photos (vehicle_id, photo_url) VALUES (97, 'https://source.unsplash.com/600x400/?Chevrolet%20Astra%202000%20usado');
INSERT INTO vehicle_photos (vehicle_id, photo_url) VALUES (98, 'https://source.unsplash.com/600x400/?Chevrolet%20Corsa%202002%20usado');
INSERT INTO vehicle_photos (vehicle_id, photo_url) VALUES (99, 'https://source.unsplash.com/600x400/?Volkswagen%20Fox%202004%20usado');
INSERT INTO vehicle_photos (vehicle_id, photo_url) VALUES (100, 'https://source.unsplash.com/600x400/?Fiat%20Siena%201998%20usado');

INSERT INTO vehicle_items (vehicle_id, item_id) VALUES (1, 8);
INSERT INTO vehicle_items (vehicle_id, item_id) VALUES (1, 4);
INSERT INTO vehicle_items (vehicle_id, item_id) VALUES (1, 5);
INSERT INTO vehicle_items (vehicle_id, item_id) VALUES (2, 5);
INSERT INTO vehicle_items (vehicle_id, item_id) VALUES (2, 9);
INSERT INTO vehicle_items (vehicle_id, item_id) VALUES (2, 7);
INSERT INTO vehicle_items (vehicle_id, item_id) VALUES (2, 4);
INSERT INTO vehicle_items (vehicle_id, item_id) VALUES (2, 3);
INSERT INTO vehicle_items (vehicle_id, item_id) VALUES (3, 5);
INSERT INTO vehicle_items (vehicle_id, item_id) VALUES (3, 6);
INSERT INTO vehicle_items (vehicle_id, item_id) VALUES (3, 8);
INSERT INTO vehicle_items (vehicle_id, item_id) VALUES (3, 2);
INSERT INTO vehicle_items (vehicle_id, item_id) VALUES (3, 3);
INSERT INTO vehicle_items (vehicle_id, item_id) VALUES (4, 7);
INSERT INTO vehicle_items (vehicle_id, item_id) VALUES (4, 5);
INSERT INTO vehicle_items (vehicle_id, item_id) VALUES (4, 9);
INSERT INTO vehicle_items (vehicle_id, item_id) VALUES (5, 6);
INSERT INTO vehicle_items (vehicle_id, item_id) VALUES (5, 8);
INSERT INTO vehicle_items (vehicle_id, item_id) VALUES (6, 3);
INSERT INTO vehicle_items (vehicle_id, item_id) VALUES (6, 2);
INSERT INTO vehicle_items (vehicle_id, item_id) VALUES (6, 7);
INSERT INTO vehicle_items (vehicle_id, item_id) VALUES (6, 6);
INSERT INTO vehicle_items (vehicle_id, item_id) VALUES (7, 6);
INSERT INTO vehicle_items (vehicle_id, item_id) VALUES (7, 4);
INSERT INTO vehicle_items (vehicle_id, item_id) VALUES (8, 2);
INSERT INTO vehicle_items (vehicle_id, item_id) VALUES (8, 6);
INSERT INTO vehicle_items (vehicle_id, item_id) VALUES (9, 9);
INSERT INTO vehicle_items (vehicle_id, item_id) VALUES (9, 4);
INSERT INTO vehicle_items (vehicle_id, item_id) VALUES (9, 8);
INSERT INTO vehicle_items (vehicle_id, item_id) VALUES (10, 8);
INSERT INTO vehicle_items (vehicle_id, item_id) VALUES (10, 7);
INSERT INTO vehicle_items (vehicle_id, item_id) VALUES (11, 4);
INSERT INTO vehicle_items (vehicle_id, item_id) VALUES (11, 7);
INSERT INTO vehicle_items (vehicle_id, item_id) VALUES (11, 6);
INSERT INTO vehicle_items (vehicle_id, item_id) VALUES (11, 9);
INSERT INTO vehicle_items (vehicle_id, item_id) VALUES (12, 7);
INSERT INTO vehicle_items (vehicle_id, item_id) VALUES (12, 2);
INSERT INTO vehicle_items (vehicle_id, item_id) VALUES (12, 4);
INSERT INTO vehicle_items (vehicle_id, item_id) VALUES (12, 5);
INSERT INTO vehicle_items (vehicle_id, item_id) VALUES (13, 5);
INSERT INTO vehicle_items (vehicle_id, item_id) VALUES (13, 1);
INSERT INTO vehicle_items (vehicle_id, item_id) VALUES (14, 9);
INSERT INTO vehicle_items (vehicle_id, item_id) VALUES (14, 2);
INSERT INTO vehicle_items (vehicle_id, item_id) VALUES (15, 3);
INSERT INTO vehicle_items (vehicle_id, item_id) VALUES (15, 8);
INSERT INTO vehicle_items (vehicle_id, item_id) VALUES (15, 6);
INSERT INTO vehicle_items (vehicle_id, item_id) VALUES (15, 5);
INSERT INTO vehicle_items (vehicle_id, item_id) VALUES (15, 9);
INSERT INTO vehicle_items (vehicle_id, item_id) VALUES (16, 2);
INSERT INTO vehicle_items (vehicle_id, item_id) VALUES (16, 8);
INSERT INTO vehicle_items (vehicle_id, item_id) VALUES (16, 5);
INSERT INTO vehicle_items (vehicle_id, item_id) VALUES (17, 3);
INSERT INTO vehicle_items (vehicle_id, item_id) VALUES (17, 9);
INSERT INTO vehicle_items (vehicle_id, item_id) VALUES (17, 2);
INSERT INTO vehicle_items (vehicle_id, item_id) VALUES (17, 1);
INSERT INTO vehicle_items (vehicle_id, item_id) VALUES (17, 4);
INSERT INTO vehicle_items (vehicle_id, item_id) VALUES (18, 6);
INSERT INTO vehicle_items (vehicle_id, item_id) VALUES (18, 9);
INSERT INTO vehicle_items (vehicle_id, item_id) VALUES (19, 7);
INSERT INTO vehicle_items (vehicle_id, item_id) VALUES (19, 4);
INSERT INTO vehicle_items (vehicle_id, item_id) VALUES (19, 9);
INSERT INTO vehicle_items (vehicle_id, item_id) VALUES (20, 5);
INSERT INTO vehicle_items (vehicle_id, item_id) VALUES (20, 6);
INSERT INTO vehicle_items (vehicle_id, item_id) VALUES (21, 3);
INSERT INTO vehicle_items (vehicle_id, item_id) VALUES (21, 2);
INSERT INTO vehicle_items (vehicle_id, item_id) VALUES (21, 6);
INSERT INTO vehicle_items (vehicle_id, item_id) VALUES (21, 8);
INSERT INTO vehicle_items (vehicle_id, item_id) VALUES (22, 4);
INSERT INTO vehicle_items (vehicle_id, item_id) VALUES (22, 1);
INSERT INTO vehicle_items (vehicle_id, item_id) VALUES (22, 8);
INSERT INTO vehicle_items (vehicle_id, item_id) VALUES (23, 5);
INSERT INTO vehicle_items (vehicle_id, item_id) VALUES (23, 7);
INSERT INTO vehicle_items (vehicle_id, item_id) VALUES (23, 9);
INSERT INTO vehicle_items (vehicle_id, item_id) VALUES (23, 1);
INSERT INTO vehicle_items (vehicle_id, item_id) VALUES (24, 7);
INSERT INTO vehicle_items (vehicle_id, item_id) VALUES (24, 2);
INSERT INTO vehicle_items (vehicle_id, item_id) VALUES (24, 9);
INSERT INTO vehicle_items (vehicle_id, item_id) VALUES (24, 3);
INSERT INTO vehicle_items (vehicle_id, item_id) VALUES (25, 1);
INSERT INTO vehicle_items (vehicle_id, item_id) VALUES (25, 7);
INSERT INTO vehicle_items (vehicle_id, item_id) VALUES (25, 9);
INSERT INTO vehicle_items (vehicle_id, item_id) VALUES (26, 5);
INSERT INTO vehicle_items (vehicle_id, item_id) VALUES (26, 2);
INSERT INTO vehicle_items (vehicle_id, item_id) VALUES (27, 1);
INSERT INTO vehicle_items (vehicle_id, item_id) VALUES (27, 3);
INSERT INTO vehicle_items (vehicle_id, item_id) VALUES (27, 5);
INSERT INTO vehicle_items (vehicle_id, item_id) VALUES (27, 2);
INSERT INTO vehicle_items (vehicle_id, item_id) VALUES (28, 4);
INSERT INTO vehicle_items (vehicle_id, item_id) VALUES (28, 6);
INSERT INTO vehicle_items (vehicle_id, item_id) VALUES (28, 9);
INSERT INTO vehicle_items (vehicle_id, item_id) VALUES (28, 5);
INSERT INTO vehicle_items (vehicle_id, item_id) VALUES (28, 7);
INSERT INTO vehicle_items (vehicle_id, item_id) VALUES (29, 4);
INSERT INTO vehicle_items (vehicle_id, item_id) VALUES (29, 9);
INSERT INTO vehicle_items (vehicle_id, item_id) VALUES (29, 1);
INSERT INTO vehicle_items (vehicle_id, item_id) VALUES (30, 9);
INSERT INTO vehicle_items (vehicle_id, item_id) VALUES (30, 1);
INSERT INTO vehicle_items (vehicle_id, item_id) VALUES (30, 4);
INSERT INTO vehicle_items (vehicle_id, item_id) VALUES (30, 3);
INSERT INTO vehicle_items (vehicle_id, item_id) VALUES (31, 8);
INSERT INTO vehicle_items (vehicle_id, item_id) VALUES (31, 1);
INSERT INTO vehicle_items (vehicle_id, item_id) VALUES (31, 3);
INSERT INTO vehicle_items (vehicle_id, item_id) VALUES (31, 4);
INSERT INTO vehicle_items (vehicle_id, item_id) VALUES (31, 2);
INSERT INTO vehicle_items (vehicle_id, item_id) VALUES (32, 1);
INSERT INTO vehicle_items (vehicle_id, item_id) VALUES (32, 9);
INSERT INTO vehicle_items (vehicle_id, item_id) VALUES (32, 4);
INSERT INTO vehicle_items (vehicle_id, item_id) VALUES (32, 7);
INSERT INTO vehicle_items (vehicle_id, item_id) VALUES (33, 9);
INSERT INTO vehicle_items (vehicle_id, item_id) VALUES (33, 1);
INSERT INTO vehicle_items (vehicle_id, item_id) VALUES (34, 2);
INSERT INTO vehicle_items (vehicle_id, item_id) VALUES (34, 5);
INSERT INTO vehicle_items (vehicle_id, item_id) VALUES (35, 9);
INSERT INTO vehicle_items (vehicle_id, item_id) VALUES (35, 7);
INSERT INTO vehicle_items (vehicle_id, item_id) VALUES (35, 6);
INSERT INTO vehicle_items (vehicle_id, item_id) VALUES (36, 3);
INSERT INTO vehicle_items (vehicle_id, item_id) VALUES (36, 2);
INSERT INTO vehicle_items (vehicle_id, item_id) VALUES (37, 1);
INSERT INTO vehicle_items (vehicle_id, item_id) VALUES (37, 6);
INSERT INTO vehicle_items (vehicle_id, item_id) VALUES (38, 5);
INSERT INTO vehicle_items (vehicle_id, item_id) VALUES (38, 2);
INSERT INTO vehicle_items (vehicle_id, item_id) VALUES (38, 7);
INSERT INTO vehicle_items (vehicle_id, item_id) VALUES (38, 4);
INSERT INTO vehicle_items (vehicle_id, item_id) VALUES (39, 4);
INSERT INTO vehicle_items (vehicle_id, item_id) VALUES (39, 2);
INSERT INTO vehicle_items (vehicle_id, item_id) VALUES (39, 9);
INSERT INTO vehicle_items (vehicle_id, item_id) VALUES (39, 1);
INSERT INTO vehicle_items (vehicle_id, item_id) VALUES (40, 9);
INSERT INTO vehicle_items (vehicle_id, item_id) VALUES (40, 5);
INSERT INTO vehicle_items (vehicle_id, item_id) VALUES (40, 4);
INSERT INTO vehicle_items (vehicle_id, item_id) VALUES (40, 3);
INSERT INTO vehicle_items (vehicle_id, item_id) VALUES (41, 1);
INSERT INTO vehicle_items (vehicle_id, item_id) VALUES (41, 2);
INSERT INTO vehicle_items (vehicle_id, item_id) VALUES (41, 4);
INSERT INTO vehicle_items (vehicle_id, item_id) VALUES (41, 9);
INSERT INTO vehicle_items (vehicle_id, item_id) VALUES (42, 3);
INSERT INTO vehicle_items (vehicle_id, item_id) VALUES (42, 4);
INSERT INTO vehicle_items (vehicle_id, item_id) VALUES (42, 5);
INSERT INTO vehicle_items (vehicle_id, item_id) VALUES (43, 1);
INSERT INTO vehicle_items (vehicle_id, item_id) VALUES (43, 7);
INSERT INTO vehicle_items (vehicle_id, item_id) VALUES (44, 6);
INSERT INTO vehicle_items (vehicle_id, item_id) VALUES (44, 8);
INSERT INTO vehicle_items (vehicle_id, item_id) VALUES (44, 2);
INSERT INTO vehicle_items (vehicle_id, item_id) VALUES (44, 4);
INSERT INTO vehicle_items (vehicle_id, item_id) VALUES (44, 9);
INSERT INTO vehicle_items (vehicle_id, item_id) VALUES (45, 9);
INSERT INTO vehicle_items (vehicle_id, item_id) VALUES (45, 8);
INSERT INTO vehicle_items (vehicle_id, item_id) VALUES (45, 4);
INSERT INTO vehicle_items (vehicle_id, item_id) VALUES (46, 1);
INSERT INTO vehicle_items (vehicle_id, item_id) VALUES (46, 4);
INSERT INTO vehicle_items (vehicle_id, item_id) VALUES (46, 8);
INSERT INTO vehicle_items (vehicle_id, item_id) VALUES (47, 6);
INSERT INTO vehicle_items (vehicle_id, item_id) VALUES (47, 8);
INSERT INTO vehicle_items (vehicle_id, item_id) VALUES (47, 1);
INSERT INTO vehicle_items (vehicle_id, item_id) VALUES (47, 2);
INSERT INTO vehicle_items (vehicle_id, item_id) VALUES (48, 5);
INSERT INTO vehicle_items (vehicle_id, item_id) VALUES (48, 7);
INSERT INTO vehicle_items (vehicle_id, item_id) VALUES (48, 3);
INSERT INTO vehicle_items (vehicle_id, item_id) VALUES (49, 1);
INSERT INTO vehicle_items (vehicle_id, item_id) VALUES (49, 2);
INSERT INTO vehicle_items (vehicle_id, item_id) VALUES (49, 6);
INSERT INTO vehicle_items (vehicle_id, item_id) VALUES (49, 5);
INSERT INTO vehicle_items (vehicle_id, item_id) VALUES (49, 8);
INSERT INTO vehicle_items (vehicle_id, item_id) VALUES (50, 6);
INSERT INTO vehicle_items (vehicle_id, item_id) VALUES (50, 9);
INSERT INTO vehicle_items (vehicle_id, item_id) VALUES (50, 5);
INSERT INTO vehicle_items (vehicle_id, item_id) VALUES (50, 3);
INSERT INTO vehicle_items (vehicle_id, item_id) VALUES (51, 6);
INSERT INTO vehicle_items (vehicle_id, item_id) VALUES (51, 4);
INSERT INTO vehicle_items (vehicle_id, item_id) VALUES (51, 9);
INSERT INTO vehicle_items (vehicle_id, item_id) VALUES (51, 7);
INSERT INTO vehicle_items (vehicle_id, item_id) VALUES (51, 2);
INSERT INTO vehicle_items (vehicle_id, item_id) VALUES (52, 2);
INSERT INTO vehicle_items (vehicle_id, item_id) VALUES (52, 8);
INSERT INTO vehicle_items (vehicle_id, item_id) VALUES (52, 1);
INSERT INTO vehicle_items (vehicle_id, item_id) VALUES (52, 7);
INSERT INTO vehicle_items (vehicle_id, item_id) VALUES (53, 7);
INSERT INTO vehicle_items (vehicle_id, item_id) VALUES (53, 8);
INSERT INTO vehicle_items (vehicle_id, item_id) VALUES (53, 4);
INSERT INTO vehicle_items (vehicle_id, item_id) VALUES (53, 1);
INSERT INTO vehicle_items (vehicle_id, item_id) VALUES (54, 3);
INSERT INTO vehicle_items (vehicle_id, item_id) VALUES (54, 4);
INSERT INTO vehicle_items (vehicle_id, item_id) VALUES (54, 6);
INSERT INTO vehicle_items (vehicle_id, item_id) VALUES (55, 2);
INSERT INTO vehicle_items (vehicle_id, item_id) VALUES (55, 7);
INSERT INTO vehicle_items (vehicle_id, item_id) VALUES (56, 9);
INSERT INTO vehicle_items (vehicle_id, item_id) VALUES (56, 8);
INSERT INTO vehicle_items (vehicle_id, item_id) VALUES (57, 5);
INSERT INTO vehicle_items (vehicle_id, item_id) VALUES (57, 7);
INSERT INTO vehicle_items (vehicle_id, item_id) VALUES (57, 6);
INSERT INTO vehicle_items (vehicle_id, item_id) VALUES (57, 2);
INSERT INTO vehicle_items (vehicle_id, item_id) VALUES (58, 6);
INSERT INTO vehicle_items (vehicle_id, item_id) VALUES (58, 7);
INSERT INTO vehicle_items (vehicle_id, item_id) VALUES (59, 8);
INSERT INTO vehicle_items (vehicle_id, item_id) VALUES (59, 4);
INSERT INTO vehicle_items (vehicle_id, item_id) VALUES (59, 3);
INSERT INTO vehicle_items (vehicle_id, item_id) VALUES (59, 1);
INSERT INTO vehicle_items (vehicle_id, item_id) VALUES (60, 4);
INSERT INTO vehicle_items (vehicle_id, item_id) VALUES (60, 1);
INSERT INTO vehicle_items (vehicle_id, item_id) VALUES (60, 9);
INSERT INTO vehicle_items (vehicle_id, item_id) VALUES (61, 4);
INSERT INTO vehicle_items (vehicle_id, item_id) VALUES (61, 9);
INSERT INTO vehicle_items (vehicle_id, item_id) VALUES (61, 8);
INSERT INTO vehicle_items (vehicle_id, item_id) VALUES (62, 4);
INSERT INTO vehicle_items (vehicle_id, item_id) VALUES (62, 1);
INSERT INTO vehicle_items (vehicle_id, item_id) VALUES (62, 3);
INSERT INTO vehicle_items (vehicle_id, item_id) VALUES (63, 6);
INSERT INTO vehicle_items (vehicle_id, item_id) VALUES (63, 3);
INSERT INTO vehicle_items (vehicle_id, item_id) VALUES (64, 6);
INSERT INTO vehicle_items (vehicle_id, item_id) VALUES (64, 2);
INSERT INTO vehicle_items (vehicle_id, item_id) VALUES (64, 4);
INSERT INTO vehicle_items (vehicle_id, item_id) VALUES (64, 1);
INSERT INTO vehicle_items (vehicle_id, item_id) VALUES (65, 5);
INSERT INTO vehicle_items (vehicle_id, item_id) VALUES (65, 1);
INSERT INTO vehicle_items (vehicle_id, item_id) VALUES (66, 8);
INSERT INTO vehicle_items (vehicle_id, item_id) VALUES (66, 3);
INSERT INTO vehicle_items (vehicle_id, item_id) VALUES (66, 2);
INSERT INTO vehicle_items (vehicle_id, item_id) VALUES (67, 9);
INSERT INTO vehicle_items (vehicle_id, item_id) VALUES (67, 2);
INSERT INTO vehicle_items (vehicle_id, item_id) VALUES (68, 1);
INSERT INTO vehicle_items (vehicle_id, item_id) VALUES (68, 9);
INSERT INTO vehicle_items (vehicle_id, item_id) VALUES (68, 6);
INSERT INTO vehicle_items (vehicle_id, item_id) VALUES (68, 4);
INSERT INTO vehicle_items (vehicle_id, item_id) VALUES (69, 8);
INSERT INTO vehicle_items (vehicle_id, item_id) VALUES (69, 3);
INSERT INTO vehicle_items (vehicle_id, item_id) VALUES (69, 4);
INSERT INTO vehicle_items (vehicle_id, item_id) VALUES (69, 7);
INSERT INTO vehicle_items (vehicle_id, item_id) VALUES (69, 9);
INSERT INTO vehicle_items (vehicle_id, item_id) VALUES (70, 3);
INSERT INTO vehicle_items (vehicle_id, item_id) VALUES (70, 5);
INSERT INTO vehicle_items (vehicle_id, item_id) VALUES (70, 2);
INSERT INTO vehicle_items (vehicle_id, item_id) VALUES (70, 7);
INSERT INTO vehicle_items (vehicle_id, item_id) VALUES (71, 8);
INSERT INTO vehicle_items (vehicle_id, item_id) VALUES (71, 9);
INSERT INTO vehicle_items (vehicle_id, item_id) VALUES (71, 4);
INSERT INTO vehicle_items (vehicle_id, item_id) VALUES (71, 7);
INSERT INTO vehicle_items (vehicle_id, item_id) VALUES (71, 2);
INSERT INTO vehicle_items (vehicle_id, item_id) VALUES (72, 2);
INSERT INTO vehicle_items (vehicle_id, item_id) VALUES (72, 4);
INSERT INTO vehicle_items (vehicle_id, item_id) VALUES (73, 9);
INSERT INTO vehicle_items (vehicle_id, item_id) VALUES (73, 4);
INSERT INTO vehicle_items (vehicle_id, item_id) VALUES (74, 7);
INSERT INTO vehicle_items (vehicle_id, item_id) VALUES (74, 3);
INSERT INTO vehicle_items (vehicle_id, item_id) VALUES (75, 7);
INSERT INTO vehicle_items (vehicle_id, item_id) VALUES (75, 6);
INSERT INTO vehicle_items (vehicle_id, item_id) VALUES (75, 8);
INSERT INTO vehicle_items (vehicle_id, item_id) VALUES (75, 5);
INSERT INTO vehicle_items (vehicle_id, item_id) VALUES (75, 9);
INSERT INTO vehicle_items (vehicle_id, item_id) VALUES (76, 4);
INSERT INTO vehicle_items (vehicle_id, item_id) VALUES (76, 8);
INSERT INTO vehicle_items (vehicle_id, item_id) VALUES (76, 9);
INSERT INTO vehicle_items (vehicle_id, item_id) VALUES (76, 3);
INSERT INTO vehicle_items (vehicle_id, item_id) VALUES (76, 1);
INSERT INTO vehicle_items (vehicle_id, item_id) VALUES (77, 9);
INSERT INTO vehicle_items (vehicle_id, item_id) VALUES (77, 8);
INSERT INTO vehicle_items (vehicle_id, item_id) VALUES (77, 3);
INSERT INTO vehicle_items (vehicle_id, item_id) VALUES (77, 6);
INSERT INTO vehicle_items (vehicle_id, item_id) VALUES (77, 2);
INSERT INTO vehicle_items (vehicle_id, item_id) VALUES (78, 8);
INSERT INTO vehicle_items (vehicle_id, item_id) VALUES (78, 4);
INSERT INTO vehicle_items (vehicle_id, item_id) VALUES (78, 7);
INSERT INTO vehicle_items (vehicle_id, item_id) VALUES (79, 8);
INSERT INTO vehicle_items (vehicle_id, item_id) VALUES (79, 6);
INSERT INTO vehicle_items (vehicle_id, item_id) VALUES (80, 8);
INSERT INTO vehicle_items (vehicle_id, item_id) VALUES (80, 4);
INSERT INTO vehicle_items (vehicle_id, item_id) VALUES (80, 1);
INSERT INTO vehicle_items (vehicle_id, item_id) VALUES (81, 3);
INSERT INTO vehicle_items (vehicle_id, item_id) VALUES (81, 5);
INSERT INTO vehicle_items (vehicle_id, item_id) VALUES (81, 2);
INSERT INTO vehicle_items (vehicle_id, item_id) VALUES (82, 1);
INSERT INTO vehicle_items (vehicle_id, item_id) VALUES (82, 9);
INSERT INTO vehicle_items (vehicle_id, item_id) VALUES (82, 5);
INSERT INTO vehicle_items (vehicle_id, item_id) VALUES (82, 4);
INSERT INTO vehicle_items (vehicle_id, item_id) VALUES (82, 6);
INSERT INTO vehicle_items (vehicle_id, item_id) VALUES (83, 9);
INSERT INTO vehicle_items (vehicle_id, item_id) VALUES (83, 1);
INSERT INTO vehicle_items (vehicle_id, item_id) VALUES (84, 4);
INSERT INTO vehicle_items (vehicle_id, item_id) VALUES (84, 6);
INSERT INTO vehicle_items (vehicle_id, item_id) VALUES (84, 5);
INSERT INTO vehicle_items (vehicle_id, item_id) VALUES (84, 2);
INSERT INTO vehicle_items (vehicle_id, item_id) VALUES (85, 2);
INSERT INTO vehicle_items (vehicle_id, item_id) VALUES (85, 5);
INSERT INTO vehicle_items (vehicle_id, item_id) VALUES (85, 7);
INSERT INTO vehicle_items (vehicle_id, item_id) VALUES (85, 1);
INSERT INTO vehicle_items (vehicle_id, item_id) VALUES (85, 8);
INSERT INTO vehicle_items (vehicle_id, item_id) VALUES (86, 7);
INSERT INTO vehicle_items (vehicle_id, item_id) VALUES (86, 1);
INSERT INTO vehicle_items (vehicle_id, item_id) VALUES (86, 5);
INSERT INTO vehicle_items (vehicle_id, item_id) VALUES (86, 3);
INSERT INTO vehicle_items (vehicle_id, item_id) VALUES (86, 6);
INSERT INTO vehicle_items (vehicle_id, item_id) VALUES (87, 8);
INSERT INTO vehicle_items (vehicle_id, item_id) VALUES (87, 5);
INSERT INTO vehicle_items (vehicle_id, item_id) VALUES (87, 3);
INSERT INTO vehicle_items (vehicle_id, item_id) VALUES (87, 7);
INSERT INTO vehicle_items (vehicle_id, item_id) VALUES (88, 7);
INSERT INTO vehicle_items (vehicle_id, item_id) VALUES (88, 9);
INSERT INTO vehicle_items (vehicle_id, item_id) VALUES (88, 3);
INSERT INTO vehicle_items (vehicle_id, item_id) VALUES (88, 2);
INSERT INTO vehicle_items (vehicle_id, item_id) VALUES (88, 8);
INSERT INTO vehicle_items (vehicle_id, item_id) VALUES (89, 3);
INSERT INTO vehicle_items (vehicle_id, item_id) VALUES (89, 2);
INSERT INTO vehicle_items (vehicle_id, item_id) VALUES (90, 5);
INSERT INTO vehicle_items (vehicle_id, item_id) VALUES (90, 1);
INSERT INTO vehicle_items (vehicle_id, item_id) VALUES (90, 7);
INSERT INTO vehicle_items (vehicle_id, item_id) VALUES (91, 4);
INSERT INTO vehicle_items (vehicle_id, item_id) VALUES (91, 3);
INSERT INTO vehicle_items (vehicle_id, item_id) VALUES (92, 4);
INSERT INTO vehicle_items (vehicle_id, item_id) VALUES (92, 5);
INSERT INTO vehicle_items (vehicle_id, item_id) VALUES (92, 6);
INSERT INTO vehicle_items (vehicle_id, item_id) VALUES (92, 8);
INSERT INTO vehicle_items (vehicle_id, item_id) VALUES (92, 2);
INSERT INTO vehicle_items (vehicle_id, item_id) VALUES (93, 9);
INSERT INTO vehicle_items (vehicle_id, item_id) VALUES (93, 3);
INSERT INTO vehicle_items (vehicle_id, item_id) VALUES (93, 6);
INSERT INTO vehicle_items (vehicle_id, item_id) VALUES (94, 4);
INSERT INTO vehicle_items (vehicle_id, item_id) VALUES (94, 5);
INSERT INTO vehicle_items (vehicle_id, item_id) VALUES (94, 8);
INSERT INTO vehicle_items (vehicle_id, item_id) VALUES (94, 6);
INSERT INTO vehicle_items (vehicle_id, item_id) VALUES (94, 2);
INSERT INTO vehicle_items (vehicle_id, item_id) VALUES (95, 8);
INSERT INTO vehicle_items (vehicle_id, item_id) VALUES (95, 3);
INSERT INTO vehicle_items (vehicle_id, item_id) VALUES (96, 3);
INSERT INTO vehicle_items (vehicle_id, item_id) VALUES (96, 1);
INSERT INTO vehicle_items (vehicle_id, item_id) VALUES (96, 2);
INSERT INTO vehicle_items (vehicle_id, item_id) VALUES (96, 5);
INSERT INTO vehicle_items (vehicle_id, item_id) VALUES (96, 7);
INSERT INTO vehicle_items (vehicle_id, item_id) VALUES (97, 1);
INSERT INTO vehicle_items (vehicle_id, item_id) VALUES (97, 9);
INSERT INTO vehicle_items (vehicle_id, item_id) VALUES (97, 2);
INSERT INTO vehicle_items (vehicle_id, item_id) VALUES (97, 3);
INSERT INTO vehicle_items (vehicle_id, item_id) VALUES (98, 5);
INSERT INTO vehicle_items (vehicle_id, item_id) VALUES (98, 7);
INSERT INTO vehicle_items (vehicle_id, item_id) VALUES (99, 1);
INSERT INTO vehicle_items (vehicle_id, item_id) VALUES (99, 2);
INSERT INTO vehicle_items (vehicle_id, item_id) VALUES (99, 7);
INSERT INTO vehicle_items (vehicle_id, item_id) VALUES (100, 5);
INSERT INTO vehicle_items (vehicle_id, item_id) VALUES (100, 9);
INSERT INTO vehicle_items (vehicle_id, item_id) VALUES (100, 3);
